City,Date,PM2.5,PM10,NO,NO2,NOx,NH3,CO,SO2,O3,Benzene,Toluene,Xylene,AQI,AQI_Bucket
Amaravati,2017-11-25,81.4,124.5,1.44,20.5,12.08,10.72,0.12,15.24,127.09,0.2,6.5,0.06,184,Moderate
Amaravati,2017-11-26,78.32,129.06,1.26,26.0,14.85,10.28,0.14,26.96,117.44,0.22,7.95,0.08,197,Moderate
Amaravati,2017-11-27,88.76,135.32,6.6,30.85,21.77,12.91,0.11,33.59,111.81,0.29,7.63,0.12,198,Moderate
Amaravati,2017-11-28,64.18,104.09,2.56,28.07,17.01,11.42,0.09,19.0,138.18,0.17,5.02,0.07,188,Moderate
Amaravati,2017-11-29,72.47,114.84,5.23,23.2,16.59,12.25,0.16,10.55,109.74,0.21,4.71,0.08,173,Moderate
Amaravati,2017-11-30,69.8,114.86,4.69,20.17,14.54,10.95,0.12,14.07,118.09,0.16,3.52,0.06,165,Moderate
Amaravati,2017-12-01,73.96,113.56,4.58,19.29,13.97,10.95,0.1,13.9,123.8,0.17,2.85,0.04,191,Moderate
Amaravati,2017-12-02,89.9,140.2,7.71,26.19,19.87,13.12,0.1,19.37,128.73,0.25,2.79,0.07,191,Moderate
Amaravati,2017-12-03,87.14,130.52,0.97,21.31,12.12,14.36,0.15,11.41,114.8,0.23,3.82,0.04,227,Poor
Amaravati,2017-12-04,84.64,125.0,4.02,26.98,17.58,14.41,0.18,9.84,112.41,0.31,3.53,0.09,168,Moderate
Amaravati,2017-12-05,88.36,121.77,3.7,20.23,13.75,13.72,0.12,14.02,117.93,0.24,2.92,0.03,198,Moderate
Amaravati,2017-12-06,96.83,139.36,1.6,25.65,14.99,15.12,0.11,16.54,117.21,0.29,4.45,0.07,201,Poor
Amaravati,2017-12-07,117.46,181.64,4.26,41.1,25.32,17.34,0.13,28.79,94.63,0.36,6.21,0.17,252,Poor
Amaravati,2017-12-08,122.88,208.86,5.56,54.87,33.71,17.96,0.27,22.97,68.6,0.36,6.28,0.21,310,Very Poor
Amaravati,2017-12-09,74.28,141.22,6.1,44.97,28.88,15.73,0.09,21.9,60.62,0.26,4.79,0.16,196,Moderate
Amaravati,2017-12-10,50.32,102.77,1.73,33.85,19.41,12.56,0.1,13.65,68.15,0.2,4.29,0.1,132,Moderate
Amaravati,2017-12-11,58.47,115.27,4.93,41.64,26.15,15.2,0.16,18.37,73.75,0.23,5.51,0.16,147,Moderate
Amaravati,2017-12-12,89.35,131.48,7.97,42.1,28.88,21.24,0.24,7.42,44.67,0.28,7.01,0.19,179,Moderate
Amaravati,2017-12-13,64.42,99.74,7.2,34.78,24.36,17.63,0.15,5.81,50.16,0.24,6.11,0.14,145,Moderate
Amaravati,2017-12-14,69.4,98.94,5.81,29.97,20.67,19.34,0.14,5.8,55.0,0.23,5.09,0.14,115,Moderate
Amaravati,2017-12-15,71.07,109.65,4.19,25.0,16.7,16.0,0.1,8.33,79.04,0.18,3.45,0.07,140,Moderate
Amaravati,2017-12-16,79.76,129.81,8.77,40.92,28.84,15.56,0.17,8.51,73.17,0.24,4.41,0.13,156,Moderate
Amaravati,2017-12-17,108.06,167.62,7.29,47.05,30.94,18.52,0.08,16.05,70.74,0.31,4.32,0.24,225,Poor
Amaravati,2017-12-18,100.75,172.04,7.63,53.94,33.45,18.49,0.11,14.05,59.2,0.26,3.77,0.19,251,Poor
Amaravati,2017-12-19,106.25,171.56,2.74,43.09,21.78,19.66,0.13,15.45,66.9,0.28,3.13,0.18,228,Poor
Amaravati,2017-12-20,83.79,141.83,6.77,47.47,30.74,17.37,0.3,13.35,77.54,0.29,3.7,0.15,223,Poor
Amaravati,2017-12-21,79.98,147.74,7.02,49.55,32.07,17.28,0.14,13.58,79.71,0.33,3.95,0.19,170,Moderate
Amaravati,2017-12-22,76.27,152.59,7.51,56.0,35.9,19.53,0.15,29.88,56.97,0.29,4.44,0.19,165,Moderate
Amaravati,2017-12-23,86.5,147.95,5.24,42.0,26.6,20.78,0.15,11.85,73.09,0.31,3.9,0.17,159,Moderate
Amaravati,2017-12-24,100.62,167.75,3.75,47.68,28.41,23.68,0.22,10.85,62.78,0.34,4.81,0.29,232,Poor
Amaravati,2017-12-25,110.73,171.47,1.69,31.06,17.89,21.66,0.1,12.23,76.07,0.33,3.96,0.16,242,Poor
Amaravati,2017-12-26,107.7,170.21,4.97,43.54,27.2,22.52,0.17,18.07,64.6,0.33,4.01,0.16,274,Poor
Amaravati,2017-12-27,104.81,192.2,9.59,63.48,41.57,21.06,0.23,17.01,63.87,0.38,4.1,0.36,259,Poor
Amaravati,2017-12-28,89.95,175.16,10.95,64.53,43.23,18.87,0.27,15.52,62.49,0.36,4.12,0.23,225,Poor
Amaravati,2017-12-29,74.58,138.6,6.14,46.65,29.81,18.2,0.17,9.47,67.11,0.32,3.76,0.18,177,Moderate
Amaravati,2017-12-30,56.68,109.33,4.6,33.26,21.44,16.86,0.1,8.26,66.91,0.25,3.28,0.14,120,Moderate
Amaravati,2017-12-31,61.03,131.62,5.51,39.5,25.49,17.82,0.08,11.45,61.91,0.33,4.16,0.19,120,Moderate
Amaravati,2018-01-01,59.03,108.83,3.45,23.36,15.23,18.03,0.09,26.05,87.55,0.23,3.2,0.09,120,Moderate
Amaravati,2018-01-02,61.88,109.82,3.87,23.14,15.45,19.57,0.09,12.81,81.38,0.2,3.84,0.04,132,Moderate
Amaravati,2018-01-03,71.57,137.48,5.01,39.99,25.36,25.61,0.09,16.82,80.3,0.24,6.55,0.11,136,Moderate
Amaravati,2018-01-04,92.44,174.75,5.84,53.79,33.36,19.45,0.11,16.93,71.09,0.3,7.23,0.23,182,Moderate
Amaravati,2018-01-05,92.9,162.69,6.38,56.39,35.19,21.02,0.08,23.11,68.79,0.29,7.88,0.2,222,Poor
Amaravati,2018-01-06,85.15,151.97,11.05,61.55,41.72,18.71,0.07,11.86,90.8,0.26,7.14,0.16,230,Poor
Amaravati,2018-01-07,81.47,145.68,6.45,46.9,30.18,20.18,0.07,9.63,96.49,0.25,7.26,0.15,224,Poor
Amaravati,2018-01-08,81.58,132.66,3.97,34.93,21.81,21.59,0.09,12.81,118.91,0.29,6.16,0.15,217,Poor
Amaravati,2018-01-09,79.56,146.64,4.44,37.58,23.6,17.71,0.05,17.77,137.61,0.05,1.1,0.02,230,Poor
Amaravati,2018-01-10,87.43,155.95,3.9,37.31,23.02,22.35,0.1,13.4,121.72,0.1,1.93,0.01,229,Poor
Amaravati,2018-01-11,87.33,153.97,3.95,42.52,25.82,23.66,0.08,35.39,106.17,0.22,6.61,0.07,229,Poor
Amaravati,2018-01-12,110.39,182.54,4.54,52.24,31.49,24.74,0.04,36.01,82.2,0.28,8.48,0.12,235,Poor
Amaravati,2018-01-13,77.51,125.01,3.85,36.41,22.49,20.06,0.05,14.36,72.16,0.19,7.12,0.07,214,Poor
Amaravati,2018-01-14,86.96,129.99,3.65,28.32,18.03,21.23,0.05,4.83,62.6,0.23,6.93,0.07,186,Moderate
Amaravati,2018-01-15,76.29,115.53,2.96,21.35,13.75,20.38,0.05,8.75,69.99,0.18,7.71,0.07,172,Moderate
Amaravati,2018-01-16,67.06,100.34,3.22,20.25,13.29,18.78,0.06,4.7,54.92,0.15,6.52,0.07,138,Moderate
Amaravati,2018-01-17,68.34,104.45,3.71,26.26,16.99,20.29,0.06,6.43,45.63,0.15,6.54,0.07,125,Moderate
Amaravati,2018-01-18,66.28,117.3,7.36,45.13,29.99,21.68,0.05,7.21,45.97,0.19,6.81,0.1,132,Moderate
Amaravati,2018-01-19,64.98,116.14,6.98,45.4,29.83,21.32,0.06,8.83,50.28,0.18,6.79,0.14,111,Moderate
Amaravati,2018-01-20,75.46,132.84,9.56,56.53,37.84,21.88,0.13,30.48,51.98,0.2,6.58,0.14,137,Moderate
Amaravati,2018-01-21,81.58,141.85,4.99,38.15,24.35,19.33,0.05,11.04,59.76,0.16,5.83,0.07,172,Moderate
Amaravati,2018-01-22,78.27,142.86,5.98,45.36,29.01,19.12,0.06,10.32,58.53,0.16,5.57,0.06,160,Moderate
Amaravati,2018-01-23,79.01,138.14,6.16,45.43,29.17,20.29,0.06,10.18,58.04,0.18,5.76,0.07,163,Moderate
Amaravati,2018-01-24,77.98,137.31,5.09,44.96,28.04,21.11,0.06,7.22,50.69,0.17,6.37,0.08,165,Moderate
Amaravati,2018-01-25,77.96,155.73,8.4,59.92,38.7,23.45,0.06,31.01,40.77,0.18,7.39,0.13,139,Moderate
Amaravati,2018-01-26,79.04,143.38,6.19,43.61,28.23,26.0,0.08,8.67,45.46,0.19,7.14,0.1,176,Moderate
Amaravati,2018-01-27,77.78,131.14,6.1,43.84,28.33,26.3,0.09,7.62,43.26,0.18,6.61,0.07,162,Moderate
Amaravati,2018-01-28,76.48,131.86,4.06,33.37,21.04,22.05,0.06,7.49,45.71,0.16,4.43,0.06,160,Moderate
Amaravati,2018-01-29,74.2,135.97,4.3,35.82,22.55,20.24,0.07,12.16,53.0,0.15,4.24,0.05,142,Moderate
Amaravati,2018-01-30,78.23,140.66,5.36,45.76,28.7,21.73,0.05,12.45,45.35,0.19,4.83,0.08,172,Moderate
Amaravati,2018-01-31,68.53,147.48,8.28,61.52,39.46,19.74,0.04,23.68,37.99,0.18,5.11,0.11,134,Moderate
Amaravati,2018-02-01,62.08,152.59,10.08,62.18,41.29,19.42,0.05,8.97,34.93,0.16,4.65,0.13,136,Moderate
Amaravati,2018-02-02,50.64,130.36,6.48,45.52,29.49,19.89,0.07,10.61,40.57,0.18,3.9,0.11,130,Moderate
Amaravati,2018-02-03,44.21,119.52,3.63,34.37,21.23,23.31,0.07,5.86,31.73,0.09,3.54,0.06,111,Moderate
Amaravati,2018-02-04,50.71,115.65,7.91,35.16,25.13,11.19,0.06,8.16,32.58,0.13,3.19,0.08,117,Moderate
Amaravati,2018-02-05,42.27,100.54,4.95,30.69,20.33,13.4,0.66,8.99,32.18,0.12,2.8,0.09,102,Moderate
Amaravati,2018-02-06,39.41,101.1,3.21,28.53,17.83,17.9,0.81,5.86,28.72,0.12,3.07,0.11,108,Moderate
Amaravati,2018-02-07,50.56,116.89,6.93,37.27,25.44,11.05,0.97,5.25,23.36,0.08,2.3,0.1,99,Satisfactory
Amaravati,2018-02-08,50.54,120.05,2.91,26.96,16.74,13.02,0.9,17.9,36.66,0.1,2.28,0.21,121,Moderate
Amaravati,2018-02-09,26.22,62.82,2.24,20.1,12.54,12.32,0.61,8.25,23.74,0.07,3.07,0.12,86,Satisfactory
Amaravati,2018-02-10,31.83,66.74,2.76,16.83,11.14,11.9,0.61,5.87,24.72,0.05,2.64,0.11,57,Satisfactory
Amaravati,2018-02-11,70.26,112.29,0.4,11.87,6.57,13.05,0.62,7.29,31.4,0.06,2.1,0.1,107,Moderate
Amaravati,2018-02-12,59.47,99.73,0.54,12.85,7.18,11.94,0.68,7.62,30.57,0.04,1.88,0.11,118,Moderate
Amaravati,2018-02-13,58.71,99.04,0.41,13.88,7.62,11.99,0.86,6.89,36.2,0.12,1.84,0.1,110,Moderate
Amaravati,2018-02-14,56.29,107.96,0.25,16.71,9.02,10.89,0.95,12.91,48.39,0.16,2.37,0.1,114,Moderate
Amaravati,2018-02-15,50.41,118.62,1.68,25.6,15.01,20.24,0.69,11.81,33.46,0.17,3.82,0.11,111,Moderate
Amaravati,2018-02-16,57.53,128.81,1.94,25.03,14.88,33.72,0.78,25.39,31.15,0.15,3.02,0.14,117,Moderate
Amaravati,2018-02-17,43.82,97.19,1.45,16.01,9.45,22.52,0.67,17.62,27.62,0.09,2.52,0.12,107,Moderate
Amaravati,2018-02-18,42.71,80.24,15.9,17.35,22.25,24.68,0.49,9.53,30.68,0.1,3.09,0.12,87,Satisfactory
Amaravati,2018-02-19,54.73,94.12,3.49,12.79,9.73,22.79,0.58,8.21,30.21,0.08,2.23,0.15,89,Satisfactory
Amaravati,2018-02-20,50.91,99.84,4.55,16.33,12.39,23.18,0.64,10.34,26.24,0.1,2.51,0.1,97,Satisfactory
Amaravati,2018-02-21,38.5,106.7,4.5,16.82,12.69,19.54,0.58,11.02,26.62,0.1,2.68,0.11,100,Satisfactory
Amaravati,2018-02-22,32.21,107.43,7.39,17.33,15.32,18.13,0.6,11.81,24.84,0.12,3.28,0.13,105,Moderate
Amaravati,2018-02-23,35.36,107.25,6.13,17.75,14.52,16.57,0.85,10.87,23.99,0.09,2.92,0.2,114,Moderate
Amaravati,2018-02-24,59.65,127.26,8.21,19.14,16.94,20.46,0.7,10.82,21.64,0.16,2.67,0.15,116,Moderate
Amaravati,2018-02-27,39.52,113.31,19.35,21.18,27.0,18.5,0.81,15.02,18.8,0.15,2.65,0.2,116,Moderate
Amaravati,2018-02-28,43.08,116.06,5.34,19.02,14.54,22.46,0.79,22.7,25.64,0.09,2.16,0.12,108,Moderate
Amaravati,2018-03-01,38.1,97.0,7.1,22.21,17.68,19.27,0.79,13.89,22.73,0.06,2.12,0.11,100,Satisfactory
Amaravati,2018-03-02,33.08,83.16,5.37,18.83,14.38,14.52,0.72,8.98,23.63,0.05,2.04,0.1,92,Satisfactory
Amaravati,2018-03-03,29.7,77.45,4.45,17.33,13.01,12.72,0.65,9.71,29.26,0.05,1.85,0.1,80,Satisfactory
Amaravati,2018-03-04,38.67,82.67,4.45,22.81,15.74,12.41,0.66,12.63,22.9,0.06,2.18,0.11,88,Satisfactory
Amaravati,2018-03-05,30.04,83.07,11.58,24.74,22.65,12.52,0.78,8.98,17.81,0.05,1.91,0.21,83,Satisfactory
Amaravati,2018-03-06,39.72,103.81,19.66,26.29,30.06,14.03,0.81,9.68,17.53,0.11,2.46,0.17,100,Satisfactory
Amaravati,2018-03-07,38.21,78.95,5.71,19.03,14.85,14.15,0.75,8.03,22.81,0.05,2.19,0.1,81,Satisfactory
Amaravati,2018-03-08,58.31,124.64,11.93,28.85,25.14,14.0,1.03,10.21,22.24,0.12,2.38,0.16,112,Moderate
Amaravati,2018-03-09,62.49,113.56,8.08,22.65,18.7,16.53,0.91,12.68,26.26,0.09,2.18,0.12,113,Moderate
Amaravati,2018-03-10,49.04,102.46,5.75,19.92,15.26,14.09,0.64,6.82,26.52,0.1,2.5,0.1,105,Moderate
Amaravati,2018-03-11,41.67,80.09,2.74,13.08,9.19,13.51,0.78,8.35,30.38,0.11,2.08,0.1,88,Satisfactory
Amaravati,2018-03-12,32.44,75.3,6.01,19.07,15.02,12.65,0.68,7.75,21.52,0.09,2.72,0.15,78,Satisfactory
Amaravati,2018-03-13,26.43,80.85,10.73,20.82,19.8,11.64,0.72,9.43,16.52,0.08,2.24,0.13,78,Satisfactory
Amaravati,2018-03-14,25.08,60.67,7.17,15.22,13.94,14.1,0.56,8.63,13.8,0.05,2.19,0.12,69,Satisfactory
Amaravati,2018-03-15,26.09,63.05,4.9,10.42,9.51,10.74,0.58,11.33,21.38,0.02,1.26,0.1,60,Satisfactory
Amaravati,2018-03-17,49.58,82.95,4.98,19.05,14.27,13.47,0.7,12.47,20.32,0.09,2.18,0.22,61,Satisfactory
Amaravati,2018-03-18,43.52,80.01,6.41,20.43,16.16,13.75,0.8,10.57,23.36,0.12,2.6,0.29,90,Satisfactory
Amaravati,2018-03-19,39.83,76.09,4.63,14.37,11.5,13.34,0.7,8.89,23.13,0.09,2.71,0.1,74,Satisfactory
Amaravati,2018-03-20,36.89,76.61,6.62,18.83,15.39,13.96,0.57,7.04,13.58,0.06,2.88,0.1,76,Satisfactory
Amaravati,2018-03-22,52.69,94.25,4.69,14.44,11.58,15.35,0.59,16.81,19.03,0.01,1.48,0.1,92,Satisfactory
Amaravati,2018-03-23,46.48,95.41,4.35,14.79,11.5,15.02,0.6,15.55,21.04,0.03,1.62,0.16,93,Satisfactory
Amaravati,2018-03-24,44.22,77.62,3.56,8.53,7.52,14.58,0.73,9.61,23.87,0.02,1.28,0.1,88,Satisfactory
Amaravati,2018-03-26,39.05,81.51,3.43,9.86,8.11,10.94,0.68,7.26,23.74,0.05,2.2,0.13,79,Satisfactory
Amaravati,2018-03-27,30.21,67.22,5.11,11.29,10.25,11.24,0.58,13.19,20.89,0.01,1.96,0.1,74,Satisfactory
Amaravati,2018-03-28,31.14,60.35,4.25,10.36,9.05,11.8,0.83,14.42,20.99,0.02,1.69,0.1,62,Satisfactory
Amaravati,2018-04-02,24.23,52.06,4.32,14.33,11.23,8.17,0.56,9.95,23.86,0.04,1.38,0.1,55,Satisfactory
Amaravati,2018-04-03,22.29,55.96,4.38,11.27,9.64,10.88,0.67,8.08,19.63,0.03,1.85,0.1,56,Satisfactory
Amaravati,2018-04-04,25.28,54.59,4.93,9.65,9.24,12.44,0.72,8.7,19.64,0.01,1.5,0.1,56,Satisfactory
Amaravati,2018-04-07,24.4,70.25,5.01,10.84,9.84,10.27,0.74,7.4,13.13,0.0,1.11,0.1,76,Satisfactory
Amaravati,2018-04-09,23.72,55.74,4.18,8.86,8.18,10.54,0.81,6.71,19.29,0.0,0.99,0.1,81,Satisfactory
Amaravati,2018-04-10,26.12,56.77,4.8,11.71,10.14,9.83,0.5,6.88,14.32,0.0,1.14,0.12,59,Satisfactory
Amaravati,2018-05-11,12.42,36.29,4.47,10.28,9.11,4.63,0.51,5.82,36.88,0.03,0.21,0.15,52,Satisfactory
Amaravati,2018-05-17,15.2,45.09,4.69,9.26,8.84,8.99,1.18,6.82,54.21,2.11,0.06,4.47,125,Moderate
Amaravati,2018-05-24,25.62,56.44,4.28,13.88,10.97,11.52,0.48,7.3,44.62,0.44,0.34,8.45,86,Satisfactory
Amaravati,2018-05-25,40.32,66.25,4.36,11.3,9.65,10.61,0.5,7.57,24.35,39.22,4.47,8.46,62,Satisfactory
Amaravati,2018-05-26,13.07,37.35,3.8,8.59,7.75,9.78,0.46,6.09,29.05,28.37,5.06,4.02,78,Satisfactory
Amaravati,2018-05-27,16.56,41.96,3.03,7.25,6.31,9.48,0.41,6.48,62.01,35.84,0.44,1.52,114,Moderate
Amaravati,2018-05-28,19.57,44.72,3.72,7.72,7.22,10.79,0.34,5.99,64.58,53.89,26.79,125.18,103,Moderate
Amaravati,2018-06-03,27.42,57.28,3.36,19.38,13.04,7.89,0.32,6.83,77.6,16.54,8.98,89.7,129,Moderate
Amaravati,2018-06-04,31.26,72.82,2.6,10.78,7.92,9.02,0.4,7.7,100.25,6.66,1.0,47.94,136,Moderate
Amaravati,2018-06-05,28.12,70.21,2.67,13.18,9.28,11.27,0.38,7.28,126.43,4.24,6.34,22.67,155,Moderate
Amaravati,2018-06-21,18.81,55.66,3.91,11.7,9.49,11.32,1.01,5.53,62.72,0.23,0.26,0.1,88,Satisfactory
Amaravati,2018-06-24,18.09,45.11,3.0,7.26,6.39,9.25,1.0,6.14,64.6,0.4,0.24,0.1,89,Satisfactory
Amaravati,2018-06-26,16.86,48.26,2.98,8.54,6.96,10.01,0.52,7.12,50.39,0.36,0.22,0.1,68,Satisfactory
Amaravati,2018-06-28,16.46,33.5,5.95,17.41,14.19,11.74,0.61,4.72,40.44,0.48,0.5,0.3,65,Satisfactory
Amaravati,2018-06-29,18.4,49.43,4.29,13.66,10.85,13.37,0.38,5.51,48.0,0.4,0.28,0.1,66,Satisfactory
Amaravati,2018-06-30,20.31,49.14,3.84,12.76,9.99,12.81,0.41,7.54,61.59,0.39,0.25,0.1,96,Satisfactory
Amaravati,2018-07-01,23.99,46.59,3.45,16.64,11.74,15.06,0.51,5.01,46.14,0.34,0.32,0.13,68,Satisfactory
Amaravati,2018-07-02,20.36,41.99,4.47,15.53,11.98,13.73,0.52,6.62,53.13,0.32,0.27,0.11,76,Satisfactory
Amaravati,2018-07-03,15.08,38.79,5.11,13.96,11.66,10.28,0.4,4.9,44.36,0.32,0.25,0.11,70,Satisfactory
Amaravati,2018-07-04,19.42,69.33,5.64,13.23,11.71,10.96,0.41,5.6,47.28,0.29,0.25,0.1,75,Satisfactory
Amaravati,2018-07-05,13.93,48.97,5.11,10.72,9.94,11.11,0.33,6.52,44.77,0.3,0.25,0.1,73,Satisfactory
Amaravati,2018-07-06,18.29,41.01,6.12,17.63,14.44,13.21,0.63,6.53,37.35,0.32,0.29,0.13,85,Satisfactory
Amaravati,2018-07-07,17.25,32.02,2.58,6.82,5.82,11.04,0.37,4.65,65.23,0.29,0.2,0.2,83,Satisfactory
Amaravati,2018-07-11,16.89,30.98,2.61,6.37,5.51,10.19,0.39,6.75,54.84,0.35,0.87,4.88,62,Satisfactory
Amaravati,2018-07-12,15.95,25.24,7.52,7.16,10.56,16.27,0.64,8.77,37.76,0.28,0.12,0.1,79,Satisfactory
Amaravati,2018-07-15,8.68,26.62,2.19,5.01,4.44,12.07,0.31,6.29,19.52,0.2,0.06,0.1,31,Good
Amaravati,2018-07-18,10.45,41.47,4.1,11.13,9.34,14.62,0.47,9.94,28.24,0.21,0.09,0.1,39,Good
Amaravati,2018-07-20,14.48,35.5,5.28,12.77,11.09,12.61,0.5,9.81,24.28,0.19,0.07,0.1,42,Good
Amaravati,2018-07-21,17.96,47.61,5.68,14.95,12.66,14.75,0.69,6.51,32.73,0.19,0.12,0.15,73,Satisfactory
Amaravati,2018-07-24,17.42,56.44,5.71,16.26,13.39,15.6,0.47,11.83,28.85,0.21,0.11,0.1,55,Satisfactory
Amaravati,2018-07-25,17.79,68.97,7.15,16.25,14.55,14.24,0.62,10.42,26.08,0.16,0.08,0.2,86,Satisfactory
Amaravati,2018-07-28,17.74,80.26,10.41,20.1,19.29,18.23,0.49,10.98,27.33,0.2,0.19,0.1,57,Satisfactory
Amaravati,2018-07-29,21.78,76.32,5.21,20.63,15.21,18.8,0.44,9.64,25.7,0.16,0.18,0.1,85,Satisfactory
Amaravati,2018-07-30,28.31,98.01,9.45,24.83,20.98,18.71,0.54,6.69,31.12,0.13,0.12,0.1,85,Satisfactory
Amaravati,2018-07-31,27.1,112.48,9.04,23.91,20.07,21.23,0.47,12.6,23.43,0.16,0.22,0.1,106,Moderate
Amaravati,2018-08-01,20.21,91.71,4.66,16.41,12.61,18.05,0.34,6.74,29.91,0.12,0.08,0.1,100,Satisfactory
Amaravati,2018-08-02,18.52,51.48,6.99,18.33,15.52,20.07,0.43,12.46,28.73,0.13,0.1,0.1,68,Satisfactory
Amaravati,2018-08-03,25.59,70.1,10.33,21.95,20.17,21.89,0.5,8.64,26.4,0.13,0.14,0.12,61,Satisfactory
Amaravati,2018-08-04,21.79,75.21,4.79,15.65,12.3,19.74,0.38,11.1,30.57,0.12,0.08,0.2,71,Satisfactory
Amaravati,2018-08-07,18.47,52.91,7.36,16.89,15.06,16.57,0.8,11.49,22.14,0.11,0.09,0.1,111,Moderate
Amaravati,2018-08-08,16.73,40.15,6.61,16.05,14.0,19.69,0.44,9.02,20.11,0.11,0.07,0.13,47,Good
Amaravati,2018-08-09,18.72,57.71,7.08,25.46,19.29,22.11,0.42,12.33,18.28,0.12,0.15,0.1,47,Good
Amaravati,2018-08-10,11.39,28.72,4.4,11.2,9.63,24.46,0.39,9.47,21.17,0.12,0.07,0.1,48,Good
Amaravati,2018-08-11,10.62,19.96,3.71,9.32,8.1,17.43,0.59,10.32,14.62,0.07,0.03,0.1,49,Good
Amaravati,2018-08-13,9.28,16.42,5.01,7.85,8.31,14.27,0.92,8.12,12.29,0.04,0.03,0.1,57,Satisfactory
Amaravati,2018-08-14,7.45,20.5,3.99,8.92,8.08,14.63,0.88,8.35,16.01,0.05,0.04,0.1,60,Satisfactory
Amaravati,2018-08-15,15.32,45.04,3.13,10.48,8.12,15.07,0.88,8.93,14.12,0.1,0.06,0.1,52,Satisfactory
Amaravati,2018-08-17,11.39,24.61,3.02,7.96,6.77,13.6,0.96,11.82,26.34,0.1,0.02,0.1,63,Satisfactory
Amaravati,2018-08-18,12.51,32.52,2.71,6.6,5.8,14.61,0.86,9.47,28.28,0.1,0.02,0.1,53,Satisfactory
Amaravati,2018-08-19,8.71,14.17,1.36,6.04,4.31,20.04,1.03,8.12,22.3,0.1,0.01,0.1,56,Satisfactory
Amaravati,2018-08-22,7.0,7.8,1.7,7.66,5.45,17.12,1.08,8.39,17.77,0.09,0.0,0.1,75,Satisfactory
Amaravati,2018-08-24,15.76,40.74,4.78,19.03,14.1,16.38,1.36,9.46,23.34,0.1,0.09,0.15,89,Satisfactory
Amaravati,2018-08-25,18.79,60.26,5.2,20.45,15.18,18.52,1.1,10.01,22.54,0.1,0.07,0.1,76,Satisfactory
Amaravati,2018-08-27,10.1,23.92,4.73,13.33,11.02,19.26,0.87,9.24,20.67,0.1,0.08,0.1,66,Satisfactory
Amaravati,2018-08-28,14.43,43.47,6.66,16.04,14.03,17.73,0.95,9.76,24.54,0.09,0.06,0.13,61,Satisfactory
Amaravati,2018-08-29,22.65,57.46,4.52,16.8,12.7,19.88,1.18,8.89,29.44,0.1,0.08,0.1,83,Satisfactory
Amaravati,2018-08-30,28.45,81.89,6.68,19.36,15.81,20.7,1.39,9.78,29.76,0.1,0.07,0.1,87,Satisfactory
Amaravati,2018-08-31,24.94,69.22,3.56,19.99,13.29,20.42,1.4,11.98,28.1,0.04,0.06,0.1,97,Satisfactory
Amaravati,2018-09-01,26.24,62.75,4.63,21.34,15.23,24.55,1.68,11.17,27.98,0.07,0.12,0.1,98,Satisfactory
Amaravati,2018-09-02,30.6,76.16,7.16,24.63,18.91,22.37,1.71,11.64,24.36,0.11,0.18,0.12,99,Satisfactory
Amaravati,2018-09-04,24.22,86.08,9.81,26.49,22.16,21.11,1.68,11.54,26.93,0.09,0.1,0.1,98,Satisfactory
Amaravati,2018-09-07,31.3,101.05,9.49,25.22,21.23,18.06,1.48,11.06,35.61,0.08,0.16,0.1,90,Satisfactory
Amaravati,2018-09-08,27.1,89.38,11.58,21.31,20.76,23.69,1.54,10.21,28.77,0.08,0.11,0.1,106,Moderate
Amaravati,2018-09-11,33.28,75.5,10.44,32.4,25.96,23.03,1.11,8.91,30.15,0.07,0.07,0.1,88,Satisfactory
Amaravati,2018-09-13,40.56,66.97,2.56,17.56,11.42,22.66,0.62,11.29,37.87,0.07,0.11,0.1,76,Satisfactory
Amaravati,2018-09-14,37.93,67.4,3.85,20.86,14.32,19.44,0.78,8.91,34.81,0.07,0.17,0.14,68,Satisfactory
Amaravati,2018-09-15,31.64,69.39,2.6,18.65,11.86,24.14,0.66,9.58,39.56,0.06,0.07,0.1,75,Satisfactory
Amaravati,2018-09-21,35.02,71.42,2.84,21.04,13.5,19.86,0.74,6.28,41.37,0.02,0.03,0.1,80,Satisfactory
Amaravati,2018-09-22,24.29,50.33,3.45,13.45,10.13,18.22,0.97,14.1,47.86,0.03,0.07,0.1,81,Satisfactory
Amaravati,2018-09-25,26.13,60.44,8.3,22.94,19.06,19.43,0.82,27.0,30.84,0.03,7.96,12.4,59,Satisfactory
Amaravati,2018-09-26,24.08,45.81,8.17,27.49,21.37,18.56,0.84,13.47,27.49,0.03,0.07,0.12,62,Satisfactory
Amaravati,2018-10-05,25.88,56.44,6.94,17.79,15.2,15.01,0.84,12.41,27.48,0.04,0.21,0.1,56,Satisfactory
Amaravati,2018-10-06,49.7,109.35,8.38,25.91,20.65,17.96,0.76,14.31,46.63,0.05,0.16,0.1,80,Satisfactory
Amaravati,2018-10-09,65.16,184.84,22.45,52.69,46.28,18.53,1.07,25.5,37.46,0.08,0.14,0.1,142,Moderate
Amaravati,2018-10-10,52.88,172.08,5.52,26.45,18.96,21.36,0.81,31.74,57.33,0.04,0.05,0.1,154,Moderate
Amaravati,2018-10-12,40.99,122.69,4.32,29.54,19.32,17.01,0.6,24.37,44.5,0.06,0.08,0.1,130,Moderate
Amaravati,2018-10-14,39.22,102.6,4.9,24.58,17.06,22.01,0.95,10.6,25.73,0.0,0.06,0.1,113,Moderate
Amaravati,2018-10-15,36.86,76.61,8.26,27.36,21.36,20.86,1.09,9.33,21.11,0.02,0.12,0.14,91,Satisfactory
Amaravati,2018-10-16,34.41,72.03,10.35,25.38,22.0,19.19,1.07,10.8,21.99,0.02,0.19,0.28,77,Satisfactory
Amaravati,2018-10-26,56.53,128.8,9.84,36.38,27.43,16.01,1.18,13.43,41.17,0.08,0.15,0.1,122,Moderate
Amaravati,2018-10-27,69.42,167.05,1.79,45.82,25.35,14.06,1.35,23.42,39.0,0.07,0.38,0.14,133,Moderate
Amaravati,2018-10-28,53.53,119.1,1.52,38.23,21.54,13.73,0.88,15.52,37.22,0.07,0.28,0.14,133,Moderate
Amaravati,2018-10-29,48.33,115.41,1.38,36.77,20.23,15.37,1.16,28.74,37.42,0.08,0.22,0.1,118,Moderate
Amaravati,2018-10-30,58.65,125.68,1.23,36.24,20.27,14.82,1.26,14.54,31.09,0.07,0.13,0.13,118,Moderate
Amaravati,2018-11-05,21.58,68.71,20.4,39.44,37.67,3.41,0.73,10.43,19.42,0.0,0.07,0.1,61,Satisfactory
Amaravati,2018-11-06,23.22,64.84,20.42,39.56,37.74,2.15,0.89,10.33,21.33,0.01,0.11,0.1,86,Satisfactory
Amaravati,2018-11-09,51.51,111.28,20.08,57.93,47.24,2.03,1.07,12.3,26.53,0.04,0.11,0.1,105,Moderate
Amaravati,2018-11-10,56.85,115.5,16.11,62.91,46.64,2.73,0.82,18.89,27.44,0.03,0.09,0.1,106,Moderate
Amaravati,2018-11-11,68.25,129.41,15.11,65.0,46.85,3.53,1.22,25.14,30.3,0.08,0.29,0.1,120,Moderate
Amaravati,2018-11-12,84.48,164.24,14.25,80.74,54.62,3.19,1.21,30.44,33.39,0.1,0.39,0.25,156,Moderate
Amaravati,2018-11-13,77.38,173.47,22.55,75.54,58.58,4.88,1.15,30.69,35.94,0.09,0.29,0.16,182,Moderate
Amaravati,2018-11-14,71.23,160.66,15.11,89.44,59.86,3.45,1.48,38.91,32.4,0.12,0.56,0.2,144,Moderate
Amaravati,2018-11-18,19.48,46.57,14.56,35.92,30.95,10.76,0.84,7.49,15.47,0.01,0.07,0.1,56,Satisfactory
Amaravati,2018-11-26,85.11,183.15,9.11,97.16,59.17,3.61,1.28,17.17,37.99,0.1,0.23,0.11,189,Moderate
Amaravati,2018-11-27,93.95,190.73,19.47,105.22,71.79,3.81,1.81,20.78,39.9,0.11,0.3,0.15,190,Moderate
Amaravati,2018-11-28,80.96,152.44,4.73,89.01,51.18,2.95,1.51,15.71,41.41,0.12,0.26,0.11,215,Poor
Amaravati,2018-12-01,77.86,159.49,10.69,90.28,56.71,4.66,1.16,14.21,22.45,0.1,0.5,0.13,145,Moderate
Amaravati,2018-12-02,70.89,125.4,3.58,68.12,39.14,1.79,1.17,13.87,29.82,0.07,0.44,0.12,160,Moderate
Amaravati,2018-12-03,74.34,129.57,4.54,69.78,40.81,3.38,1.09,14.03,33.95,0.09,0.12,0.1,130,Moderate
Amaravati,2018-12-04,97.09,143.69,4.09,86.95,49.58,1.52,1.11,13.62,33.03,0.1,0.12,0.12,176,Moderate
Amaravati,2018-12-09,111.21,170.04,4.42,76.7,44.4,10.99,1.47,10.17,31.17,0.06,0.06,0.1,266,Poor
Amaravati,2018-12-10,107.24,162.72,5.85,72.27,43.16,13.91,1.14,9.58,28.5,0.09,0.04,0.1,276,Poor
Amaravati,2018-12-11,89.07,160.83,5.59,72.19,42.93,17.31,1.23,11.7,29.51,0.07,0.05,0.1,218,Poor
Amaravati,2018-12-14,90.61,164.19,5.37,74.89,44.2,16.85,1.07,17.68,31.59,0.11,0.3,0.15,180,Moderate
Amaravati,2018-12-15,96.57,174.31,3.33,57.77,33.44,18.28,1.1,23.81,39.75,0.11,0.11,0.1,217,Poor
Amaravati,2018-12-21,48.88,84.99,6.61,63.12,38.95,19.24,0.94,29.45,23.97,0.06,0.16,0.11,81,Satisfactory
Amaravati,2018-12-22,55.24,81.9,3.65,55.65,32.57,17.93,1.17,13.62,27.34,0.07,0.15,0.1,89,Satisfactory
Amaravati,2018-12-23,83.4,121.25,2.86,46.47,27.04,20.01,1.0,12.32,32.68,0.08,0.21,0.1,136,Moderate
Amaravati,2018-12-24,93.78,142.65,5.55,67.51,40.43,19.51,1.34,42.75,29.16,0.1,0.21,0.1,199,Moderate
Amaravati,2018-12-25,92.72,135.61,13.43,77.45,52.11,19.49,1.16,20.19,24.79,0.1,0.22,0.11,221,Poor
Amaravati,2018-12-28,73.19,127.1,13.43,69.17,47.7,21.66,0.92,25.43,22.5,0.07,0.22,0.1,119,Moderate
Amaravati,2018-12-29,82.53,145.06,5.44,67.17,40.16,21.34,1.01,28.57,24.03,0.09,0.19,0.13,153,Moderate
Amaravati,2018-12-30,95.18,154.73,4.57,76.4,44.35,15.29,1.34,33.25,30.68,0.1,0.36,0.15,202,Poor
Amaravati,2018-12-31,79.29,136.71,4.24,74.24,42.93,15.82,1.1,40.52,28.79,0.09,0.23,0.16,191,Moderate
Amaravati,2019-01-01,83.17,140.9,6.56,83.38,49.69,15.16,1.09,30.85,24.84,0.1,0.21,0.11,183,Moderate
Amaravati,2019-01-02,109.97,189.28,13.93,124.57,77.59,10.65,1.38,48.92,30.25,0.11,0.25,0.13,210,Poor
Amaravati,2019-01-03,139.38,230.27,35.59,140.17,103.49,8.7,1.24,42.26,20.87,0.13,0.58,0.13,304,Very Poor
Amaravati,2019-01-04,126.47,187.83,9.48,106.1,64.14,9.27,1.43,15.29,26.24,0.12,0.25,0.1,312,Very Poor
Amaravati,2019-01-05,127.94,196.3,6.73,92.41,54.63,11.1,1.33,15.9,28.51,0.11,0.31,0.1,304,Very Poor
Amaravati,2019-01-06,126.66,184.73,9.63,94.51,58.1,13.66,1.45,11.75,26.07,0.12,0.22,0.1,306,Very Poor
Amaravati,2019-01-07,121.47,215.5,17.24,103.31,68.98,13.63,1.5,16.53,24.55,0.12,0.31,0.1,302,Very Poor
Amaravati,2019-01-08,118.17,219.63,36.87,121.38,94.54,11.21,1.25,39.68,21.18,0.1,0.25,0.13,298,Poor
Amaravati,2019-01-09,97.45,225.75,12.68,121.94,75.16,10.39,0.86,66.39,27.23,0.09,0.16,0.18,274,Poor
Amaravati,2019-01-10,115.23,198.47,14.96,113.39,72.47,7.38,0.78,9.43,20.07,0.11,0.23,0.13,270,Poor
Amaravati,2019-01-11,121.81,193.4,11.17,100.16,62.36,8.62,0.96,10.56,24.73,0.1,0.15,0.1,302,Very Poor
Amaravati,2019-01-12,99.69,157.03,5.83,71.61,42.84,15.19,0.5,10.52,24.22,0.08,0.08,0.1,257,Poor
Amaravati,2019-01-13,92.66,146.49,4.86,57.32,34.44,17.36,0.64,12.33,25.51,0.07,0.18,0.1,212,Poor
Amaravati,2019-01-14,116.99,172.92,2.91,58.43,33.44,17.38,0.44,12.91,26.84,0.1,0.12,0.1,256,Poor
Amaravati,2019-01-15,120.33,182.65,5.68,60.37,36.74,17.46,1.02,26.39,21.83,0.08,0.14,0.11,301,Very Poor
Amaravati,2019-01-16,108.43,159.44,3.49,50.62,29.77,17.97,0.7,6.49,24.73,0.08,0.13,0.1,274,Poor
Amaravati,2019-01-17,118.0,174.01,3.46,58.6,33.99,16.97,0.82,13.73,24.69,0.1,0.18,0.1,262,Poor
Amaravati,2019-01-18,107.94,163.17,5.64,63.17,38.2,18.79,0.8,26.75,21.59,0.08,0.15,0.1,287,Poor
Amaravati,2019-01-19,108.34,173.27,13.44,61.22,43.49,22.53,0.72,11.71,23.64,0.09,0.13,0.1,262,Poor
Amaravati,2019-01-20,96.45,159.1,17.23,71.77,52.18,17.22,0.91,16.0,22.52,0.07,0.11,0.1,242,Poor
Amaravati,2019-01-22,100.34,165.55,20.01,60.14,48.26,20.43,0.85,13.57,24.82,0.06,0.08,0.1,230,Poor
Amaravati,2019-01-24,62.74,108.94,6.36,43.14,28.2,20.36,0.87,11.48,20.37,0.04,0.04,0.1,113,Moderate
Amaravati,2019-01-28,51.67,70.71,5.29,55.79,34.06,17.58,1.28,15.66,20.15,0.06,0.12,0.11,91,Satisfactory
Amaravati,2019-01-29,54.24,87.78,5.5,56.1,34.39,17.76,0.98,27.99,25.38,0.04,0.05,0.1,96,Satisfactory
Amaravati,2019-01-30,47.81,99.22,5.98,65.34,39.69,17.61,1.02,26.84,36.53,0.03,0.08,0.15,111,Moderate
Amaravati,2019-01-31,84.99,137.17,5.14,71.78,42.43,12.16,1.39,15.58,47.94,0.07,0.14,0.1,143,Moderate
Amaravati,2019-02-01,63.05,111.15,5.4,68.18,40.73,15.31,1.06,13.42,47.46,0.06,0.36,0.11,141,Moderate
Amaravati,2019-02-02,71.09,128.56,29.13,85.01,68.98,14.32,1.15,10.68,40.2,0.06,0.1,0.1,130,Moderate
Amaravati,2019-02-04,73.21,129.76,3.04,61.14,35.07,15.38,1.11,16.63,62.74,0.08,0.14,0.1,150,Moderate
Amaravati,2019-02-05,81.64,146.56,13.08,83.44,55.08,14.61,1.58,12.92,43.18,0.08,0.19,0.1,159,Moderate
Amaravati,2019-02-06,81.71,142.46,15.23,74.7,49.36,10.83,1.03,18.7,37.16,0.07,0.09,0.1,178,Moderate
Amaravati,2019-02-07,75.52,125.82,7.69,25.85,20.1,10.97,0.74,12.37,32.23,0.05,0.06,0.1,159,Moderate
Amaravati,2019-02-09,65.56,128.56,6.38,23.26,17.36,16.81,0.86,16.7,34.16,0.01,0.05,0.14,115,Moderate
Amaravati,2019-02-13,70.86,142.17,3.01,28.42,17.6,14.9,0.74,10.43,41.96,0.06,0.1,0.1,121,Moderate
Amaravati,2019-02-14,69.96,130.91,15.49,35.52,31.56,16.42,0.84,9.78,37.99,0.05,0.08,0.11,157,Moderate
Amaravati,2019-02-15,60.11,101.22,2.29,22.82,13.91,16.94,0.7,6.98,40.95,0.02,0.02,0.1,116,Moderate
Amaravati,2019-02-21,38.35,95.79,18.66,21.18,26.51,9.69,0.72,8.3,27.25,0.0,0.04,0.15,96,Satisfactory
Amaravati,2019-02-22,36.92,106.73,26.53,25.18,35.05,10.43,0.64,14.78,30.4,0.0,0.04,0.1,96,Satisfactory
Amaravati,2019-02-23,43.16,149.98,43.76,28.73,50.94,9.94,0.8,9.67,31.72,0.02,0.07,0.11,126,Moderate
Amaravati,2019-02-24,42.51,121.35,18.77,24.64,28.36,13.1,0.53,14.5,35.13,0.02,0.05,0.12,131,Moderate
Amaravati,2019-02-25,33.88,80.8,3.59,18.86,13.05,14.69,0.51,13.5,30.89,0.0,0.01,0.1,95,Satisfactory
Amaravati,2019-02-28,20.92,49.94,3.23,13.32,9.81,9.1,0.56,15.85,25.36,0.0,0.01,0.1,60,Satisfactory
Amaravati,2019-03-06,49.2,116.27,2.37,16.7,10.86,12.82,0.69,15.37,44.06,0.08,0.18,0.16,120,Moderate
Amaravati,2019-03-07,42.1,87.51,1.68,13.22,8.24,13.14,0.57,11.6,44.93,2.25,4.15,0.74,105,Moderate
Amaravati,2019-03-08,16.39,53.9,2.15,8.68,6.38,11.34,0.62,10.98,31.2,1.7,4.48,0.42,92,Satisfactory
Amaravati,2019-03-09,12.88,59.01,2.82,9.92,7.57,11.03,0.69,12.43,29.66,1.38,5.33,0.54,86,Satisfactory
Amaravati,2019-03-10,10.66,47.74,4.02,8.02,7.5,9.45,0.35,12.07,22.33,1.05,4.23,0.34,56,Satisfactory
Amaravati,2019-03-11,12.77,50.79,2.6,8.45,6.56,8.86,0.53,14.06,22.67,0.95,3.31,0.29,78,Satisfactory
Amaravati,2019-03-12,27.0,90.58,5.03,15.67,12.51,9.74,0.41,13.33,27.15,1.01,6.81,0.67,74,Satisfactory
Amaravati,2019-03-13,32.79,104.04,4.4,17.4,12.91,11.1,0.4,9.21,31.25,0.86,4.9,0.37,97,Satisfactory
Amaravati,2019-03-14,39.77,129.33,14.09,24.88,24.78,9.4,0.45,8.16,27.19,1.07,9.76,1.02,107,Moderate
Amaravati,2019-03-15,43.78,124.06,6.29,19.29,15.47,9.87,0.64,11.35,29.47,1.03,6.87,0.58,130,Moderate
Amaravati,2019-03-16,40.96,101.35,4.18,14.19,11.01,10.37,0.46,7.42,22.03,1.46,5.11,0.44,110,Moderate
Amaravati,2019-03-17,40.08,93.9,6.5,14.86,12.92,11.63,0.58,7.89,28.04,1.74,9.37,0.68,98,Satisfactory
Amaravati,2019-03-18,22.52,69.14,7.47,13.59,13.38,7.71,0.56,10.99,21.12,1.17,4.07,0.33,101,Moderate
Amaravati,2019-03-19,22.09,53.31,2.18,9.6,6.94,6.44,0.68,9.51,29.78,1.87,3.29,0.26,85,Satisfactory
Amaravati,2019-03-20,25.39,49.43,2.04,7.75,5.44,7.63,0.7,9.14,32.42,4.88,2.68,2.27,85,Satisfactory
Amaravati,2019-03-21,21.71,43.12,1.13,6.24,4.23,7.09,0.5,7.63,36.81,1.7,2.82,0.13,60,Satisfactory
Amaravati,2019-03-22,23.56,53.08,2.86,12.03,8.56,5.6,0.53,10.27,29.46,1.18,3.57,0.28,56,Satisfactory
Amaravati,2019-03-23,23.68,64.65,9.37,14.63,15.49,5.75,0.53,8.61,29.24,1.4,4.5,0.38,67,Satisfactory
Amaravati,2019-03-24,17.99,48.09,2.41,8.02,5.87,6.06,0.47,9.11,29.02,1.46,3.2,0.2,79,Satisfactory
Amaravati,2019-03-25,17.03,46.96,2.89,10.15,7.82,5.53,0.5,13.84,21.8,1.51,3.77,0.25,45,Good
Amaravati,2019-03-26,20.58,51.83,3.09,9.93,7.87,5.76,0.49,10.38,21.95,1.2,3.07,0.21,53,Satisfactory
Amaravati,2019-03-27,24.0,60.54,2.23,10.84,7.69,7.15,0.54,12.07,32.91,1.09,3.83,0.24,69,Satisfactory
Amaravati,2019-03-28,27.44,70.3,3.41,12.49,9.43,6.62,0.54,12.69,28.07,1.18,3.54,0.3,65,Satisfactory
Amaravati,2019-03-29,24.11,65.16,2.56,9.81,7.4,6.81,0.45,8.19,30.44,1.08,2.73,0.21,78,Satisfactory
Amaravati,2019-03-30,28.43,60.07,1.74,9.49,6.53,8.36,0.56,17.06,42.66,1.26,2.14,0.18,83,Satisfactory
Amaravati,2019-03-31,33.0,72.26,1.11,9.26,5.64,7.66,0.58,16.56,34.64,0.69,3.43,0.22,64,Satisfactory
Amaravati,2019-04-01,37.09,70.85,1.55,7.48,4.74,7.56,0.69,12.4,38.42,0.52,3.58,0.15,102,Moderate
Amaravati,2019-04-02,30.05,62.5,1.54,8.62,5.72,6.27,0.71,14.7,31.67,1.13,2.43,0.22,92,Satisfactory
Amaravati,2019-04-03,20.75,45.07,1.4,5.59,4.08,6.03,0.48,9.15,25.97,1.09,1.72,0.15,58,Satisfactory
Amaravati,2019-04-04,13.97,39.04,3.77,7.21,6.99,5.55,0.64,10.24,20.32,1.33,2.13,0.23,76,Satisfactory
Amaravati,2019-04-05,18.72,50.84,3.12,6.06,5.7,5.8,0.67,13.03,28.03,1.06,2.11,0.15,78,Satisfactory
Amaravati,2019-04-06,22.07,63.47,2.2,5.25,3.94,6.21,0.62,12.96,40.3,0.51,2.03,0.16,91,Satisfactory
Amaravati,2019-04-07,19.4,55.83,1.42,7.03,4.48,4.36,0.76,10.88,38.75,0.8,1.6,0.15,124,Moderate
Amaravati,2019-04-08,13.49,34.05,1.45,4.2,3.38,4.21,0.57,12.69,22.15,0.69,1.25,0.13,75,Satisfactory
Amaravati,2019-04-09,20.68,38.77,1.56,4.48,3.53,4.22,0.63,10.9,26.79,0.71,1.43,0.12,73,Satisfactory
Amaravati,2019-04-10,16.52,36.76,1.14,3.14,2.26,4.47,0.61,8.92,39.57,0.67,2.24,0.12,101,Moderate
Amaravati,2019-04-11,15.91,33.28,0.46,2.04,0.86,3.7,0.4,13.09,33.05,0.63,1.54,0.12,64,Satisfactory
Amaravati,2019-04-12,17.24,43.11,2.53,5.32,4.04,3.95,0.58,14.02,30.87,0.78,2.17,0.16,80,Satisfactory
Amaravati,2019-04-13,25.87,89.0,2.4,9.61,6.54,3.98,0.39,11.84,46.66,0.67,2.74,0.25,85,Satisfactory
Amaravati,2019-04-14,15.77,50.12,1.12,6.04,4.03,3.86,0.36,14.45,28.78,0.62,1.37,0.14,80,Satisfactory
Amaravati,2019-04-15,23.75,68.9,1.94,11.38,7.46,3.49,0.64,18.42,19.94,0.33,2.13,0.18,84,Satisfactory
Amaravati,2019-04-16,25.36,81.59,2.19,20.61,12.25,4.81,0.65,22.54,20.53,0.67,2.07,0.21,79,Satisfactory
Amaravati,2019-04-17,32.7,91.22,2.19,17.13,10.91,7.6,0.54,15.71,25.28,0.52,2.02,0.18,91,Satisfactory
Amaravati,2019-04-18,20.21,57.8,2.65,13.78,9.52,6.54,0.51,10.6,26.51,0.16,3.11,0.14,79,Satisfactory
Amaravati,2019-04-19,11.55,37.66,3.35,13.27,9.6,7.05,0.59,12.58,26.46,0.19,2.64,0.12,82,Satisfactory
Amaravati,2019-04-20,9.39,36.94,2.81,12.29,8.89,4.58,0.35,17.07,24.65,0.27,2.25,0.14,45,Good
Amaravati,2019-04-21,9.77,35.42,1.48,12.59,7.81,3.34,0.32,21.81,28.75,0.01,2.55,0.14,41,Good
Amaravati,2019-04-22,21.38,75.6,2.29,19.85,11.65,4.32,0.48,23.3,39.42,0.39,2.28,0.23,78,Satisfactory
Amaravati,2019-04-23,24.68,132.02,8.38,29.05,22.21,3.97,0.58,16.03,23.73,0.41,3.95,0.48,124,Moderate
Amaravati,2019-04-24,17.58,59.05,2.68,18.08,11.89,4.04,0.48,12.66,27.14,0.25,2.73,0.21,73,Satisfactory
Amaravati,2019-04-25,28.05,84.5,4.67,18.74,13.85,6.85,0.48,12.78,25.81,0.24,1.43,0.13,71,Satisfactory
Amaravati,2019-04-26,27.98,79.71,2.79,18.31,12.1,8.01,0.51,8.71,34.54,0.19,1.79,0.13,79,Satisfactory
Amaravati,2019-04-27,23.32,70.68,1.97,16.88,10.58,5.65,0.66,16.4,34.16,0.38,1.13,0.11,78,Satisfactory
Amaravati,2019-04-28,15.52,46.14,2.16,15.11,9.79,4.67,0.42,13.67,23.72,0.11,1.33,0.18,57,Satisfactory
Amaravati,2019-04-29,12.11,40.82,2.1,15.46,9.94,4.07,0.31,12.72,23.43,0.06,1.73,0.13,46,Good
Amaravati,2019-04-30,19.03,60.71,1.99,19.23,11.85,4.84,0.4,13.57,35.2,0.05,1.84,0.18,58,Satisfactory
Amaravati,2019-05-01,27.18,93.8,2.87,23.54,14.82,3.53,0.64,26.8,38.05,0.45,2.85,0.27,83,Satisfactory
Amaravati,2019-05-02,38.9,111.93,1.76,27.29,16.03,3.52,0.98,16.06,56.99,0.57,3.44,0.37,109,Moderate
Amaravati,2019-05-03,57.73,211.34,3.54,35.92,21.98,5.61,0.78,16.59,58.87,0.7,5.18,0.51,148,Moderate
Amaravati,2019-05-04,44.49,163.62,1.17,22.32,12.89,7.12,0.53,16.97,67.99,0.35,2.22,0.38,158,Moderate
Amaravati,2019-05-05,39.76,152.97,1.12,23.24,13.25,6.0,0.52,15.33,69.15,0.35,1.97,0.18,146,Moderate
Amaravati,2019-05-06,47.3,136.76,1.53,20.22,12.09,7.92,0.64,22.25,68.43,0.3,2.17,0.15,133,Moderate
Amaravati,2019-05-07,39.81,138.9,1.14,18.58,10.81,7.81,0.44,13.03,51.98,0.14,1.37,0.12,122,Moderate
Amaravati,2019-05-08,49.19,155.58,0.95,26.89,13.92,4.26,0.77,25.9,73.55,0.48,4.0,0.2,126,Moderate
Amaravati,2019-05-09,40.38,112.93,1.4,24.31,13.78,5.75,0.7,30.4,74.3,0.34,2.48,0.18,131,Moderate
Amaravati,2019-05-10,44.65,114.79,1.63,19.79,12.0,7.06,0.63,19.26,54.72,0.34,2.48,0.12,124,Moderate
Amaravati,2019-05-11,35.5,98.4,1.74,19.29,11.72,6.98,0.59,17.83,49.82,0.33,1.68,0.12,106,Moderate
Amaravati,2019-05-15,34.12,88.79,1.7,19.98,12.12,6.69,0.7,24.2,42.21,0.14,1.32,0.11,109,Moderate
Amaravati,2019-05-16,41.62,95.91,1.93,20.32,12.54,4.91,0.53,21.47,43.36,0.23,2.08,0.12,92,Satisfactory
Amaravati,2019-05-17,43.1,96.34,2.0,21.71,13.26,5.96,0.67,24.72,42.13,0.31,1.77,0.16,88,Satisfactory
Amaravati,2019-05-18,35.3,89.42,0.8,17.33,9.84,4.32,0.47,17.09,44.47,0.06,1.16,0.11,95,Satisfactory
Amaravati,2019-05-19,40.35,94.6,0.91,18.93,10.8,4.17,0.53,23.95,45.97,0.06,1.32,0.11,93,Satisfactory
Amaravati,2019-05-20,32.33,78.4,1.83,19.42,11.91,4.01,0.61,21.27,34.54,0.15,1.24,0.11,104,Moderate
Amaravati,2019-05-21,24.95,74.2,1.86,20.68,12.51,3.36,0.49,16.73,19.84,0.1,1.17,0.14,80,Satisfactory
Amaravati,2019-05-23,30.42,76.95,1.27,16.96,10.05,3.25,0.72,13.67,30.35,0.21,1.02,0.11,99,Satisfactory
Amaravati,2019-05-24,36.5,84.57,1.5,17.83,10.77,3.8,0.63,14.71,37.15,0.17,1.46,0.11,99,Satisfactory
Amaravati,2019-05-25,40.04,98.75,1.7,17.31,10.2,4.07,0.89,18.61,48.85,0.21,1.82,0.11,108,Moderate
Amaravati,2019-05-26,40.51,99.45,0.71,16.93,9.55,3.35,0.51,14.62,54.63,0.14,1.55,0.14,99,Satisfactory
Amaravati,2019-05-27,38.88,86.09,1.31,18.0,10.69,4.51,0.47,13.86,51.56,0.14,1.27,0.11,106,Moderate
Amaravati,2019-05-28,36.31,77.21,1.47,18.03,10.88,4.47,0.52,17.79,42.23,0.14,1.09,0.11,85,Satisfactory
Amaravati,2019-05-29,38.7,82.24,1.45,16.29,9.94,4.22,0.48,15.76,42.04,0.14,1.06,0.11,83,Satisfactory
Amaravati,2019-05-30,33.52,79.78,2.11,26.44,15.85,3.85,0.57,19.96,45.17,0.23,2.96,0.15,83,Satisfactory
Amaravati,2019-05-31,36.8,75.96,0.97,17.39,10.05,4.06,0.51,14.55,48.97,0.03,1.06,0.12,74,Satisfactory
Amaravati,2019-06-01,41.89,99.66,1.66,22.98,13.65,4.84,0.77,17.7,39.43,0.16,1.62,0.19,103,Moderate
Amaravati,2019-06-02,41.47,90.61,0.72,18.25,10.27,4.59,0.5,16.21,54.72,0.05,1.29,0.13,101,Moderate
Amaravati,2019-06-03,31.52,73.42,1.39,20.17,11.91,4.0,0.45,18.1,43.53,0.13,1.09,0.13,80,Satisfactory
Amaravati,2019-06-04,39.73,104.78,1.54,27.54,15.99,3.61,0.95,17.17,42.88,0.17,2.37,0.24,107,Moderate
Amaravati,2019-06-05,36.24,84.55,0.66,19.93,10.94,4.56,0.46,21.35,54.64,0.06,1.09,0.11,91,Satisfactory
Amaravati,2019-06-06,24.16,59.22,1.81,26.79,9.83,12.18,0.53,26.62,41.27,0.28,1.46,0.16,78,Satisfactory
Amaravati,2019-06-07,23.12,57.48,1.52,24.2,13.97,5.86,0.52,23.46,56.71,0.15,1.38,0.12,65,Satisfactory
Amaravati,2019-06-08,31.95,71.15,2.87,26.2,16.27,7.52,0.58,17.18,55.48,0.03,1.32,0.14,71,Satisfactory
Amaravati,2019-06-09,26.02,66.47,0.73,20.95,11.65,5.5,0.52,15.99,75.1,0.07,1.06,0.12,90,Satisfactory
Amaravati,2019-06-10,22.19,63.59,2.62,25.07,15.42,5.06,0.5,18.35,62.52,0.13,1.19,0.18,78,Satisfactory
Amaravati,2019-06-11,13.91,48.33,3.61,24.16,15.86,4.78,0.37,14.02,44.59,0.08,1.26,0.12,61,Satisfactory
Amaravati,2019-06-12,11.81,43.2,5.0,29.99,20.12,4.69,0.34,13.82,41.43,0.09,1.65,0.13,50,Good
Amaravati,2019-06-13,10.02,31.73,4.88,33.11,21.72,3.35,0.49,17.28,38.1,0.2,2.31,0.1,42,Good
Amaravati,2019-06-14,9.55,31.71,3.23,24.02,15.47,2.09,0.36,16.48,32.84,0.27,1.13,0.12,38,Good
Amaravati,2019-06-15,17.42,69.93,1.53,18.88,11.36,3.49,0.38,14.79,38.49,0.08,0.96,0.2,54,Satisfactory
Amaravati,2019-06-16,19.25,71.73,0.8,18.26,10.36,2.01,0.31,9.68,47.37,0.22,1.39,0.1,75,Satisfactory
Amaravati,2019-06-17,23.99,66.09,3.71,28.19,18.1,4.94,0.49,14.94,30.27,0.18,3.67,0.18,72,Satisfactory
Amaravati,2019-06-18,23.62,68.06,7.98,36.52,26.01,2.85,0.46,13.66,30.54,0.27,3.55,0.44,59,Satisfactory
Amaravati,2019-06-19,21.28,72.04,2.87,27.95,16.23,4.57,0.44,18.83,38.25,0.27,3.08,0.19,77,Satisfactory
Amaravati,2019-06-20,14.03,40.6,3.87,25.45,16.74,4.45,0.45,18.94,34.87,0.28,1.73,0.14,59,Satisfactory
Amaravati,2019-06-21,17.9,39.22,2.87,29.14,17.92,4.79,0.57,16.39,32.98,0.18,2.02,0.15,42,Good
Amaravati,2019-06-22,17.07,40.3,1.54,25.75,15.04,5.54,0.5,16.01,36.19,0.04,1.81,5.99,46,Good
Amaravati,2019-06-23,13.45,34.6,1.0,24.16,13.66,4.77,0.46,14.9,40.53,0.06,1.31,0.2,48,Good
Amaravati,2019-06-24,15.93,32.7,1.43,20.53,12.15,5.4,0.43,16.53,42.92,0.11,1.04,0.11,53,Satisfactory
Amaravati,2019-06-25,19.8,34.77,2.36,30.66,18.32,4.41,0.76,14.36,38.26,0.08,2.31,0.28,78,Satisfactory
Amaravati,2019-06-26,21.45,38.36,4.83,36.24,23.3,4.23,0.73,17.88,24.68,0.08,2.16,0.31,74,Satisfactory
Amaravati,2019-06-27,12.45,30.36,3.08,26.62,16.74,3.09,0.53,17.43,27.85,0.1,1.04,0.17,70,Satisfactory
Amaravati,2019-06-28,9.57,26.83,2.1,22.0,13.49,3.36,0.36,19.5,32.37,0.07,0.44,0.1,42,Good
Amaravati,2019-06-30,11.55,25.16,1.2,22.16,12.76,2.1,0.35,17.0,40.21,0.03,0.41,0.1,46,Good
Amaravati,2019-07-01,13.4,23.95,4.39,29.37,19.27,2.9,0.42,16.27,29.58,0.11,0.91,0.24,39,Good
Amaravati,2019-07-02,12.05,24.42,6.49,29.88,21.26,2.4,0.59,13.78,23.41,0.07,0.72,0.12,66,Satisfactory
Amaravati,2019-07-03,14.54,32.83,7.23,30.62,22.26,2.68,0.61,12.6,27.29,0.09,0.67,0.1,68,Satisfactory
Amaravati,2019-07-04,8.4,21.46,11.11,30.36,25.27,2.7,0.57,14.32,26.69,0.27,0.83,0.16,68,Satisfactory
Amaravati,2019-07-05,10.31,22.14,8.27,25.22,20.23,2.46,0.62,16.24,22.99,0.23,1.38,0.59,70,Satisfactory
Amaravati,2019-07-06,13.91,38.67,2.55,18.0,11.62,3.43,0.58,18.86,26.64,0.21,0.49,0.16,72,Satisfactory
Amaravati,2019-07-07,15.17,40.56,0.93,18.2,10.43,1.28,0.39,23.12,30.24,0.09,0.56,0.16,43,Good
Amaravati,2019-07-08,13.1,34.85,2.64,22.88,14.4,1.91,0.33,17.88,25.83,0.17,0.97,0.17,35,Good
Amaravati,2019-07-09,11.3,31.96,4.61,23.47,16.32,1.62,0.28,17.09,27.47,0.11,0.82,0.15,37,Good
Amaravati,2019-07-10,13.03,29.59,5.45,25.64,18.15,2.13,0.51,20.09,32.1,0.15,1.14,0.11,75,Satisfactory
Amaravati,2019-07-11,11.17,25.03,5.24,26.2,18.29,2.44,0.34,23.89,26.88,0.2,1.2,0.11,40,Good
Amaravati,2019-07-12,11.65,27.15,5.28,22.68,16.42,2.06,0.56,22.58,25.94,0.15,2.15,0.18,70,Satisfactory
Amaravati,2019-07-13,17.22,34.78,1.25,4.58,3.13,3.6,0.42,14.79,36.77,0.2,1.3,0.25,48,Good
Amaravati,2019-07-14,12.68,20.52,0.74,3.7,2.34,2.84,0.4,15.89,31.62,0.03,0.56,0.17,41,Good
Amaravati,2019-07-15,10.73,22.63,2.92,9.95,7.26,2.99,0.36,16.35,32.13,0.12,1.45,0.22,48,Good
Amaravati,2019-07-16,14.44,40.44,4.68,17.05,12.96,2.72,0.47,15.46,27.69,0.18,2.6,0.29,39,Good
Amaravati,2019-07-17,21.86,56.69,4.74,19.35,14.24,5.9,0.45,19.19,31.87,0.44,16.07,0.39,55,Satisfactory
Amaravati,2019-07-18,16.18,39.97,3.29,16.01,11.13,5.05,0.43,12.93,35.8,0.18,2.28,0.21,53,Satisfactory
Amaravati,2019-07-19,22.28,42.15,2.14,13.16,8.82,6.07,0.54,20.51,33.08,0.08,1.4,0.26,46,Good
Amaravati,2019-07-20,11.14,18.23,1.11,5.65,3.93,5.5,0.44,13.82,37.65,0.05,1.13,0.26,47,Good
Amaravati,2019-07-21,14.72,22.46,1.25,4.64,3.56,4.81,0.49,9.71,34.63,0.03,0.98,0.18,45,Good
Amaravati,2019-07-22,12.89,26.39,2.53,9.64,7.23,4.25,0.5,15.68,29.49,0.09,1.26,0.2,39,Good
Amaravati,2019-07-23,13.53,23.73,8.56,12.71,13.79,3.87,0.42,15.77,22.09,0.09,0.98,0.16,35,Good
Amaravati,2019-07-26,7.48,15.84,4.57,10.04,8.96,3.4,0.38,12.51,20.01,0.09,0.96,0.15,35,Good
Amaravati,2019-07-27,12.52,30.89,1.4,3.94,2.89,3.12,0.55,14.14,22.33,0.13,0.94,0.16,65,Satisfactory
Amaravati,2019-07-28,13.25,37.61,0.65,2.08,1.4,2.17,0.33,12.58,22.05,0.0,0.38,0.1,36,Good
Amaravati,2019-07-29,10.89,26.77,5.81,11.39,9.53,2.47,0.56,21.15,19.61,0.1,0.84,0.15,68,Satisfactory
Amaravati,2019-07-30,8.0,22.87,5.36,10.03,9.41,1.87,0.31,14.72,22.5,0.19,0.98,0.13,28,Good
Amaravati,2019-07-31,10.62,26.84,2.17,4.4,4.19,2.59,0.38,11.66,24.46,0.2,0.88,0.11,29,Good
Amaravati,2019-08-01,8.71,21.35,1.77,4.43,3.76,2.43,0.39,13.83,20.11,0.06,0.5,0.21,34,Good
Amaravati,2019-08-02,6.85,13.3,1.61,1.52,1.86,2.44,0.46,13.29,18.07,0.04,0.26,0.1,68,Satisfactory
Amaravati,2019-08-03,9.31,19.98,1.48,3.35,2.36,4.4,0.32,11.83,20.23,0.09,0.36,0.1,24,Good
Amaravati,2019-08-05,7.53,24.18,2.74,6.1,5.55,6.38,0.34,26.08,26.62,0.35,0.49,0.1,31,Good
Amaravati,2019-08-06,6.89,13.83,2.96,6.48,5.95,6.28,0.34,13.35,21.06,0.06,0.61,0.12,32,Good
Amaravati,2019-08-07,7.35,18.12,3.22,6.38,6.1,6.23,0.46,11.57,21.64,0.22,0.5,0.1,66,Satisfactory
Amaravati,2019-08-08,7.45,19.56,3.47,7.66,6.99,6.31,0.27,11.94,22.68,0.29,0.5,0.1,27,Good
Amaravati,2019-08-09,10.88,30.31,3.17,10.11,8.05,6.98,0.41,11.86,22.62,0.12,1.08,0.16,32,Good
Amaravati,2019-08-10,13.49,37.83,2.45,7.57,6.12,7.17,0.5,19.01,27.18,0.29,0.78,0.28,70,Satisfactory
Amaravati,2019-08-11,16.6,47.35,2.07,6.74,5.37,6.66,0.6,15.64,31.28,0.28,0.94,0.14,76,Satisfactory
Amaravati,2019-08-15,24.56,47.61,2.23,9.16,6.49,14.56,0.58,18.9,33.97,0.19,1.87,0.52,51,Satisfactory
Amaravati,2019-08-16,15.75,34.12,2.8,9.34,7.33,12.08,0.4,28.32,36.06,0.16,1.66,0.17,49,Good
Amaravati,2019-08-17,17.54,31.8,2.74,9.58,7.48,13.57,0.42,20.69,28.25,0.28,3.35,0.12,40,Good
Amaravati,2019-08-28,15.8,44.75,3.71,12.43,9.71,14.64,0.62,11.3,36.47,0.12,0.95,0.23,92,Satisfactory
Amaravati,2019-08-29,14.98,36.58,4.5,13.97,11.18,15.31,0.47,14.17,29.78,0.12,0.75,0.14,47,Good
Amaravati,2019-08-30,10.11,23.08,23.03,14.19,14.12,24.24,0.45,16.84,23.09,0.13,0.99,0.13,37,Good
Amaravati,2019-10-08,23.31,39.09,2.21,12.18,8.29,17.46,0.55,18.77,31.69,0.05,1.04,0.3,50,Good
Amaravati,2019-10-09,27.63,44.01,3.3,11.48,8.92,17.92,0.89,18.89,31.23,0.15,1.48,0.26,78,Satisfactory
Amaravati,2019-10-10,21.05,31.3,5.93,14.29,12.62,11.94,0.7,12.85,24.81,0.16,2.59,0.27,45,Good
Amaravati,2019-10-11,18.12,33.96,5.09,11.78,10.49,12.69,0.46,14.24,17.41,0.12,2.45,0.54,43,Good
Amaravati,2019-10-12,7.09,24.44,2.65,7.41,6.2,10.75,0.65,13.87,29.37,0.14,1.13,0.27,72,Satisfactory
Amaravati,2019-10-13,7.08,21.25,3.19,7.96,6.83,9.64,0.45,13.99,26.75,0.05,1.45,0.37,46,Good
Amaravati,2019-10-14,9.79,26.48,3.35,11.9,9.14,8.4,0.65,14.02,30.06,0.08,1.85,0.39,74,Satisfactory
Amaravati,2019-10-15,32.29,56.07,2.67,12.02,8.66,12.43,0.72,15.53,47.76,0.37,4.97,0.46,55,Satisfactory
Amaravati,2019-10-16,40.0,67.65,3.08,13.18,9.6,12.31,0.64,15.3,51.95,0.34,4.49,0.32,72,Satisfactory
Amaravati,2019-10-17,19.31,36.71,5.32,13.02,11.34,10.32,0.52,11.22,28.81,0.26,4.8,0.42,51,Satisfactory
Amaravati,2019-10-18,9.48,25.78,3.47,11.3,8.92,9.41,0.58,12.14,27.95,0.13,2.5,0.32,43,Good
Amaravati,2019-10-19,13.78,24.72,3.08,10.61,8.24,10.25,0.47,11.83,29.61,0.21,3.14,0.24,41,Good
Amaravati,2019-10-20,8.12,21.82,1.93,7.85,5.75,8.66,0.53,11.39,34.36,0.08,2.0,0.18,52,Satisfactory
Amaravati,2019-10-21,9.99,25.65,3.25,12.56,9.33,8.36,0.72,8.72,29.54,0.2,3.97,0.22,72,Satisfactory
Amaravati,2019-10-22,9.29,20.41,8.72,16.43,15.93,7.32,0.59,11.26,25.66,0.25,2.18,0.28,44,Good
Amaravati,2019-10-23,11.75,23.54,3.84,13.51,10.4,8.03,0.72,10.68,23.48,0.15,1.74,0.16,71,Satisfactory
Amaravati,2019-10-24,7.14,23.73,4.15,11.84,9.76,7.79,0.5,8.21,28.73,0.19,1.11,0.23,40,Good
Amaravati,2019-10-25,7.53,26.41,3.75,10.7,8.83,7.21,0.46,5.29,25.04,0.14,1.46,0.16,39,Good
Amaravati,2019-10-26,11.82,27.75,3.59,11.1,8.92,7.35,0.72,9.54,24.82,0.2,3.1,0.22,69,Satisfactory
Amaravati,2019-10-27,18.57,36.29,3.0,9.97,7.46,8.32,0.76,14.66,22.53,0.23,3.37,0.22,49,Good
Amaravati,2019-10-28,38.32,53.68,3.85,9.76,8.42,7.89,0.55,18.55,30.26,0.24,2.71,0.17,67,Satisfactory
Amaravati,2019-10-29,19.51,39.12,3.98,13.01,10.25,8.33,0.65,15.46,29.36,0.22,3.84,0.24,48,Good
Amaravati,2019-10-30,18.54,35.57,6.02,13.63,12.23,8.18,0.62,12.08,28.76,0.2,2.33,0.22,48,Good
Amaravati,2019-10-31,12.01,28.41,7.47,13.82,13.43,6.44,0.64,11.34,25.6,0.27,4.01,0.29,45,Good
Amaravati,2019-11-01,12.95,35.12,6.0,13.44,12.11,6.68,0.58,12.65,31.2,0.17,2.21,0.2,64,Satisfactory
Amaravati,2019-11-02,18.41,39.48,7.8,11.45,12.51,7.12,0.6,11.51,31.08,0.16,1.6,0.16,49,Good
Amaravati,2019-11-03,42.98,74.55,5.08,15.53,12.48,9.29,0.67,12.3,45.78,0.31,2.35,0.18,74,Satisfactory
Amaravati,2019-11-04,56.76,101.39,4.62,20.7,14.85,10.74,0.68,17.89,41.87,0.44,5.99,0.21,94,Satisfactory
Amaravati,2019-11-05,78.45,137.41,6.19,26.0,19.23,11.21,0.82,29.06,42.11,0.59,5.45,0.28,122,Moderate
Amaravati,2019-11-06,89.53,148.15,4.0,22.79,15.39,13.0,0.89,20.75,42.72,0.79,9.7,0.27,190,Moderate
Amaravati,2019-11-07,85.95,135.44,4.35,24.78,16.8,13.37,1.04,15.74,47.62,0.58,5.05,0.22,198,Moderate
Amaravati,2019-11-08,81.5,128.86,3.06,20.13,13.3,13.9,0.93,21.32,52.53,0.46,4.72,0.17,174,Moderate
Amaravati,2019-11-09,77.93,128.41,2.23,14.09,9.4,13.92,0.75,20.18,58.79,0.59,4.45,0.19,168,Moderate
Amaravati,2019-11-10,51.46,82.75,1.84,12.24,8.01,11.48,0.64,11.75,44.89,0.49,2.46,0.12,126,Moderate
Amaravati,2019-11-11,39.26,68.41,2.81,16.23,10.92,10.87,0.67,10.97,39.44,0.33,2.9,0.11,77,Satisfactory
Amaravati,2019-11-12,37.5,69.2,4.33,20.42,14.47,10.74,0.91,11.84,34.42,0.22,2.58,0.16,94,Satisfactory
Amaravati,2019-11-13,45.41,76.67,2.6,14.75,10.05,10.82,0.64,13.6,50.03,0.26,4.34,0.1,73,Satisfactory
Amaravati,2019-11-14,50.33,91.06,3.02,16.68,11.42,10.46,0.93,10.82,59.48,0.36,2.64,0.24,101,Moderate
Amaravati,2019-11-15,60.86,97.67,2.41,13.27,9.11,10.84,0.8,15.36,60.81,0.28,3.78,0.11,100,Satisfactory
Amaravati,2019-11-16,64.88,104.25,2.5,15.42,10.32,11.54,1.04,15.4,47.96,0.35,4.66,0.17,115,Moderate
Amaravati,2019-11-17,63.97,109.47,2.43,18.14,11.62,11.38,0.83,22.37,37.65,0.21,4.76,0.12,127,Moderate
Amaravati,2019-11-18,42.45,72.25,2.7,14.32,9.89,10.74,0.81,15.71,37.44,0.16,2.7,0.14,90,Satisfactory
Amaravati,2019-11-19,62.31,89.89,2.51,14.9,10.06,12.77,1.0,16.91,49.95,0.22,1.34,0.18,98,Satisfactory
Amaravati,2019-11-20,80.27,113.24,2.34,12.84,8.83,13.44,0.79,14.86,60.68,0.31,1.85,0.12,162,Moderate
Amaravati,2019-11-21,63.19,97.39,2.34,13.46,9.15,11.1,0.98,12.61,65.38,0.48,2.41,0.1,141,Moderate
Amaravati,2019-11-22,53.15,87.02,2.74,15.54,10.58,9.58,0.65,7.74,55.76,0.6,12.8,0.11,94,Satisfactory
Amaravati,2019-11-23,63.39,100.23,2.4,15.36,10.21,11.13,0.71,12.64,48.1,0.63,6.28,0.17,97,Satisfactory
Amaravati,2019-11-24,76.12,111.89,1.96,16.19,10.21,11.83,0.83,13.3,51.68,0.66,8.57,0.17,136,Moderate
Amaravati,2019-11-25,83.5,121.3,2.75,15.78,10.74,13.62,0.81,14.34,61.97,0.56,4.21,0.14,167,Moderate
Amaravati,2019-11-26,79.85,124.9,2.61,16.51,10.24,13.29,1.15,17.76,62.87,0.73,3.13,0.16,174,Moderate
Amaravati,2019-11-27,68.76,109.47,2.82,21.1,13.61,11.88,0.92,19.3,55.76,0.71,6.18,0.2,151,Moderate
Amaravati,2019-11-28,57.83,88.67,2.46,14.13,9.61,10.05,0.78,15.1,51.67,0.4,2.13,0.15,121,Moderate
Amaravati,2019-11-29,35.69,63.76,2.11,14.42,9.39,9.11,0.67,14.59,43.35,0.49,8.64,0.14,78,Satisfactory
Amaravati,2019-11-30,55.2,86.24,2.55,12.3,8.72,11.27,0.81,18.46,44.15,0.21,4.76,0.1,79,Satisfactory
Amaravati,2019-12-02,55.72,86.96,2.85,13.9,9.8,14.4,0.7,10.3,42.3,0.21,1.95,0.1,98,Satisfactory
Amaravati,2019-12-03,63.99,97.97,2.93,14.49,10.18,17.28,0.72,14.19,43.47,0.28,2.0,0.1,100,Satisfactory
Amaravati,2019-12-04,77.57,114.45,3.06,14.81,10.46,20.71,0.83,14.99,56.45,0.36,1.69,0.11,156,Moderate
Amaravati,2019-12-05,82.76,122.21,3.15,22.64,14.7,18.82,0.78,29.74,55.26,0.85,8.1,0.14,160,Moderate
Amaravati,2019-12-06,90.54,132.55,3.23,23.89,15.42,16.04,1.0,19.16,63.55,0.73,6.25,0.1,185,Moderate
Amaravati,2019-12-10,39.12,69.06,5.93,24.73,17.97,14.14,0.77,10.8,34.82,0.71,8.37,0.13,83,Satisfactory
Amaravati,2019-12-11,51.44,82.17,4.9,22.53,15.96,13.61,0.68,12.58,36.02,0.76,4.92,0.16,86,Satisfactory
Amaravati,2019-12-12,38.89,66.08,3.95,18.7,13.15,13.46,0.62,10.22,36.73,0.88,12.73,0.15,72,Satisfactory
Amaravati,2019-12-13,35.8,62.14,3.3,16.11,11.24,16.42,0.62,12.83,39.73,0.49,4.63,0.12,66,Satisfactory
Amaravati,2019-12-14,39.06,63.53,2.22,13.1,8.77,14.38,0.55,13.87,41.66,0.44,12.72,0.1,64,Satisfactory
Amaravati,2019-12-15,47.53,79.0,2.62,17.58,11.48,13.85,0.65,17.05,41.13,0.66,10.29,0.19,73,Satisfactory
Amaravati,2019-12-16,46.6,78.44,4.18,17.93,12.93,14.81,0.62,18.96,43.5,0.59,6.47,0.18,76,Satisfactory
Amaravati,2019-12-17,67.15,107.1,4.36,25.62,17.18,19.74,0.84,12.22,47.84,1.2,9.82,0.25,96,Satisfactory
Amaravati,2019-12-18,66.82,105.01,2.43,17.15,11.09,19.94,0.75,12.67,53.85,1.3,12.96,0.23,137,Moderate
Amaravati,2019-12-19,83.16,120.25,2.51,17.41,11.31,23.06,0.76,17.03,49.59,1.33,14.69,0.13,138,Moderate
Amaravati,2019-12-20,79.92,119.82,2.56,19.92,12.69,20.43,0.9,23.63,43.53,0.87,3.69,0.15,188,Moderate
Amaravati,2019-12-21,83.64,118.52,1.83,15.67,9.82,19.48,0.84,16.5,50.47,0.94,4.12,0.12,166,Moderate
Amaravati,2019-12-22,72.34,103.82,1.6,13.46,8.46,18.4,0.71,17.81,56.41,0.75,5.72,0.11,162,Moderate
Amaravati,2019-12-23,72.99,104.91,1.88,13.46,8.68,17.61,0.69,11.56,57.63,0.93,4.69,0.12,147,Moderate
Amaravati,2019-12-24,76.56,115.06,1.87,14.77,9.37,16.52,0.82,14.21,56.77,0.98,5.28,0.11,138,Moderate
Amaravati,2019-12-25,84.51,120.22,1.73,13.16,8.41,14.6,0.95,17.69,54.0,1.19,3.31,0.12,194,Moderate
Amaravati,2019-12-26,50.52,81.46,2.37,14.79,9.79,13.24,0.59,13.86,32.95,0.89,2.1,0.12,114,Moderate
Amaravati,2019-12-27,41.79,73.58,3.48,17.65,12.21,13.75,0.63,14.1,29.21,0.74,2.45,0.13,77,Satisfactory
Amaravati,2019-12-28,57.09,88.15,2.19,15.8,10.17,15.74,0.78,9.56,35.44,0.92,2.46,0.12,79,Satisfactory
Amaravati,2019-12-29,74.45,110.95,1.54,12.5,7.89,16.66,0.75,19.09,59.61,1.04,2.28,0.15,133,Moderate
Amaravati,2019-12-30,59.42,90.44,1.63,12.73,8.09,14.39,0.92,20.55,63.08,0.87,6.68,0.15,131,Moderate
Amaravati,2019-12-31,49.5,80.8,1.67,12.64,8.05,14.44,0.64,17.14,64.8,0.7,1.44,0.11,87,Satisfactory
Amaravati,2020-01-01,59.64,88.85,1.67,12.12,7.81,14.99,0.77,17.53,57.26,0.89,3.38,0.12,96,Satisfactory
Amaravati,2020-01-02,42.46,65.39,1.72,12.17,7.87,14.75,0.73,17.09,55.17,0.79,2.12,0.11,82,Satisfactory
Amaravati,2020-01-03,39.07,62.93,1.81,13.53,8.67,14.43,0.69,22.14,43.7,0.77,3.4,0.17,76,Satisfactory
Amaravati,2020-01-04,22.79,38.35,2.27,18.79,11.83,14.34,0.64,19.87,23.59,0.6,5.88,0.24,47,Good
Amaravati,2020-01-05,37.81,56.66,1.73,12.98,8.31,20.69,0.63,14.68,36.53,0.6,1.94,0.14,55,Satisfactory
Amaravati,2020-01-06,38.82,61.4,1.9,11.64,7.75,21.22,0.65,18.74,48.53,0.58,1.28,0.11,66,Satisfactory
Amaravati,2020-01-07,69.49,97.7,1.95,12.04,8.0,20.46,0.68,17.89,59.37,0.71,1.24,0.1,109,Moderate
Amaravati,2020-01-08,53.32,75.4,1.81,11.47,7.58,16.98,0.64,15.37,53.9,0.55,1.0,0.1,103,Moderate
Amaravati,2020-01-09,37.23,62.09,1.83,13.23,8.52,15.63,0.53,13.54,46.31,0.5,0.92,0.11,78,Satisfactory
Amaravati,2020-01-10,51.22,84.62,3.18,21.49,14.02,17.07,0.67,20.19,36.26,0.85,4.41,0.21,70,Satisfactory
Amaravati,2020-01-11,66.57,100.98,1.91,16.47,10.31,18.55,0.76,18.45,37.24,0.65,2.92,0.19,110,Moderate
Amaravati,2020-01-12,78.28,109.42,2.34,16.82,10.84,18.62,0.8,24.75,47.01,0.74,3.26,0.12,147,Moderate
Amaravati,2020-01-13,85.67,121.55,2.61,20.64,13.1,20.95,0.95,32.97,47.84,1.08,5.83,0.22,177,Moderate
Amaravati,2020-01-14,82.66,111.92,1.62,14.0,8.76,19.57,0.85,17.11,56.49,0.91,1.78,0.13,168,Moderate
Amaravati,2020-01-15,68.4,90.93,1.72,11.06,7.27,19.03,0.76,18.33,48.09,0.79,1.9,0.13,163,Moderate
Amaravati,2020-01-16,56.44,75.95,1.57,10.33,6.65,21.41,0.64,9.86,47.51,0.52,2.58,0.1,108,Moderate
Amaravati,2020-01-17,45.81,66.69,2.1,11.52,7.83,15.1,0.66,15.86,44.3,0.52,1.06,0.1,82,Satisfactory
Amaravati,2020-01-18,31.59,51.42,2.23,8.68,6.43,12.88,0.6,12.33,35.43,0.23,0.95,0.1,60,Satisfactory
Amaravati,2020-01-19,36.62,58.14,2.01,10.43,7.18,13.99,0.69,16.57,35.86,0.26,0.79,0.1,58,Satisfactory
Amaravati,2020-01-20,31.22,57.33,3.69,16.9,11.99,14.42,0.63,14.64,33.25,0.38,1.44,0.14,62,Satisfactory
Amaravati,2020-01-21,29.88,55.3,4.31,15.62,11.81,16.82,0.63,14.09,35.92,0.41,1.34,0.14,63,Satisfactory
Amaravati,2020-01-22,37.56,65.26,2.86,14.76,10.17,17.54,0.65,14.71,41.22,0.37,1.33,0.11,63,Satisfactory
Amaravati,2020-01-23,59.33,93.3,3.08,17.94,12.04,18.24,0.75,18.29,40.9,0.43,1.41,0.15,87,Satisfactory
Amaravati,2020-01-24,61.4,96.6,2.53,15.34,10.21,18.05,0.73,23.54,43.29,0.69,2.14,0.14,101,Moderate
Amaravati,2020-01-25,51.18,76.33,1.67,11.66,7.55,18.53,0.64,18.69,46.21,0.49,0.9,0.1,98,Satisfactory
Amaravati,2020-01-26,38.39,63.99,2.48,15.39,10.2,16.55,0.61,20.0,36.83,0.46,1.14,0.15,77,Satisfactory
Amaravati,2020-01-27,34.56,62.65,2.89,16.51,11.14,17.89,0.57,19.73,44.57,0.42,0.92,0.13,74,Satisfactory
Amaravati,2020-01-28,33.62,60.66,2.5,14.78,9.89,16.7,0.52,20.29,36.88,0.32,0.61,0.12,65,Satisfactory
Amaravati,2020-01-29,29.98,51.68,2.24,9.21,6.72,17.48,0.52,12.76,32.35,0.23,0.36,0.11,59,Satisfactory
Amaravati,2020-01-30,32.18,60.01,2.65,13.11,9.13,15.9,0.55,15.43,36.9,0.31,0.65,0.1,59,Satisfactory
Amaravati,2020-01-31,26.72,53.9,3.71,15.53,11.29,15.51,0.49,19.06,32.28,0.34,0.8,0.12,66,Satisfactory
Amaravati,2020-02-01,21.22,43.36,2.75,12.12,8.68,13.05,0.45,18.25,31.33,0.24,0.49,0.12,52,Satisfactory
Amaravati,2020-02-02,19.94,42.27,2.1,10.35,7.22,13.25,0.47,13.38,31.97,0.26,0.91,0.13,47,Good
Amaravati,2020-02-03,24.44,47.41,3.38,12.27,9.27,14.49,0.54,15.16,30.12,0.36,0.95,0.17,48,Good
Amaravati,2020-02-04,27.24,49.64,3.19,14.18,10.14,14.24,0.52,16.38,32.33,0.36,0.82,0.17,54,Satisfactory
Amaravati,2020-02-05,25.74,46.38,2.92,11.44,8.46,15.08,0.52,19.32,36.58,0.33,0.67,0.13,54,Satisfactory
Amaravati,2020-02-06,20.12,42.08,4.32,14.78,11.37,14.0,0.52,15.01,27.59,0.38,1.08,0.17,47,Good
Amaravati,2020-02-07,16.85,37.38,2.13,9.88,6.98,14.69,0.44,18.3,36.72,0.18,0.33,0.13,44,Good
Amaravati,2020-02-08,22.46,41.78,1.94,10.81,7.33,15.98,0.38,20.25,35.46,0.23,0.33,0.1,45,Good
Amaravati,2020-02-09,38.73,63.42,2.15,16.17,10.34,15.89,0.62,17.41,35.62,0.69,2.28,0.17,51,Satisfactory
Amaravati,2020-02-10,36.26,56.64,2.36,14.25,9.51,18.78,0.53,17.68,46.43,0.58,1.45,0.12,65,Satisfactory
Amaravati,2020-02-11,45.14,73.27,2.37,13.84,9.3,18.61,0.6,18.99,53.62,0.64,1.74,0.14,70,Satisfactory
Amaravati,2020-02-12,59.61,94.82,2.4,17.03,11.02,19.76,0.67,21.32,55.77,0.74,3.79,0.13,86,Satisfactory
Amaravati,2020-02-13,61.24,99.2,3.15,25.9,16.33,20.39,0.64,34.59,46.13,0.73,2.66,0.21,110,Moderate
Amaravati,2020-02-14,43.11,76.55,2.24,16.21,10.44,18.22,0.52,23.05,46.64,0.45,1.41,0.13,87,Satisfactory
Amaravati,2020-02-15,64.53,110.64,2.58,23.25,14.46,21.25,0.78,27.95,53.69,1.01,5.19,0.37,103,Moderate
Amaravati,2020-02-16,37.53,64.2,1.97,14.1,9.09,21.98,0.44,15.75,40.59,0.41,1.1,0.14,88,Satisfactory
Amaravati,2020-02-17,29.12,54.82,3.8,14.06,10.57,18.64,0.44,19.12,41.62,0.39,1.15,0.14,66,Satisfactory
Amaravati,2020-02-18,31.68,62.23,2.77,14.53,9.98,18.14,0.48,20.98,37.94,0.46,1.51,0.18,66,Satisfactory
Amaravati,2020-02-19,40.98,69.15,2.22,14.6,9.58,19.11,0.46,18.62,39.9,0.33,0.97,0.14,65,Satisfactory
Amaravati,2020-02-20,49.1,74.88,2.17,12.98,8.68,17.4,0.44,17.74,49.28,0.31,0.67,0.14,77,Satisfactory
Amaravati,2020-02-21,35.92,61.83,1.79,11.83,7.74,13.53,0.47,16.2,42.11,0.38,1.02,0.16,74,Satisfactory
Amaravati,2020-02-22,27.13,54.16,1.78,12.98,8.34,10.6,0.48,20.2,39.74,0.49,6.94,0.13,60,Satisfactory
Amaravati,2020-02-23,34.81,62.43,1.99,14.44,9.3,12.6,0.77,13.0,44.47,0.44,2.7,0.15,82,Satisfactory
Amaravati,2020-02-24,31.66,53.22,1.94,9.29,6.53,14.42,0.62,15.94,46.68,0.18,1.19,0.12,68,Satisfactory
Amaravati,2020-02-25,24.86,47.43,2.38,10.73,7.64,12.94,0.61,16.73,39.9,0.22,0.5,0.12,53,Satisfactory
Amaravati,2020-02-26,31.28,59.42,2.46,13.15,8.99,15.78,0.81,19.56,40.48,0.43,1.57,0.18,78,Satisfactory
Amaravati,2020-02-27,38.85,67.95,2.65,13.49,9.33,14.82,0.86,22.27,43.97,0.28,1.8,0.16,73,Satisfactory
Amaravati,2020-02-28,31.99,57.18,2.22,10.99,7.67,14.0,0.66,23.6,51.47,0.43,1.47,0.11,68,Satisfactory
Amaravati,2020-02-29,35.99,59.72,1.87,10.24,6.96,13.49,0.52,18.21,51.81,0.32,0.83,0.12,65,Satisfactory
Amaravati,2020-03-01,32.99,56.46,1.68,8.29,5.77,12.67,0.48,19.32,52.32,0.26,0.5,0.13,67,Satisfactory
Amaravati,2020-03-02,39.84,62.14,2.35,11.69,8.11,12.86,0.56,24.7,49.09,0.25,0.63,0.17,67,Satisfactory
Amaravati,2020-03-03,40.19,64.95,2.55,10.71,7.77,12.84,0.58,22.82,45.68,0.27,0.64,0.14,70,Satisfactory
Amaravati,2020-03-04,35.95,59.47,2.76,12.61,8.95,12.21,0.55,17.88,38.71,0.28,0.69,0.12,66,Satisfactory
Amaravati,2020-03-05,20.14,31.66,2.18,7.85,5.94,10.82,0.49,18.35,26.21,0.13,0.32,0.1,47,Good
Amaravati,2020-03-07,14.26,24.49,2.46,6.19,5.28,10.4,0.52,12.13,26.65,0.13,0.29,0.1,35,Good
Amaravati,2020-03-08,10.28,22.95,2.09,8.15,6.03,8.47,0.49,29.5,24.62,0.1,0.42,0.1,35,Good
Amaravati,2020-03-09,12.37,22.79,3.17,9.77,7.78,9.65,0.54,18.18,19.25,0.09,0.69,0.1,42,Good
Amaravati,2020-03-10,10.63,22.11,2.43,7.78,6.12,9.32,0.46,25.19,24.48,0.09,0.56,0.1,35,Good
Amaravati,2020-03-14,23.78,44.16,1.98,8.07,5.91,9.98,0.49,21.65,27.22,0.11,0.65,0.18,48,Good
Amaravati,2020-03-15,25.83,45.42,2.21,7.94,6.02,9.82,0.47,22.1,28.67,0.18,0.78,0.19,48,Good
Amaravati,2020-03-16,27.28,47.52,2.65,9.42,7.16,10.82,0.57,19.49,28.25,0.19,0.88,0.13,48,Good
Amaravati,2020-03-17,31.49,49.92,1.93,8.93,6.32,10.09,0.64,19.67,34.5,0.18,0.6,0.1,54,Satisfactory
Amaravati,2020-03-18,19.45,36.11,2.41,9.54,7.05,9.35,0.58,16.2,31.44,0.11,0.56,0.1,48,Good
Amaravati,2020-03-19,18.86,35.92,2.32,8.13,6.23,9.31,0.55,19.8,32.35,0.1,0.56,0.1,51,Satisfactory
Amaravati,2020-03-20,15.23,28.92,2.14,7.4,5.67,10.07,0.49,25.54,28.78,0.08,0.51,0.1,43,Good
Amaravati,2020-03-21,13.9,26.07,1.78,5.15,4.18,8.51,0.49,23.29,25.43,0.04,0.29,0.15,37,Good
Amaravati,2020-03-23,26.01,50.98,1.54,4.65,3.73,8.62,0.45,24.44,29.73,0.07,0.33,0.1,51,Satisfactory
Amaravati,2020-03-24,17.19,39.17,1.39,4.81,3.69,7.58,0.46,20.71,28.52,0.08,0.42,0.14,47,Good
Amaravati,2020-03-25,16.77,35.65,1.38,4.29,3.41,7.58,1.47,18.95,27.74,0.07,0.33,0.1,101,Moderate
Amaravati,2020-03-26,23.67,44.23,1.58,4.99,3.94,7.93,0.66,18.8,29.32,0.15,0.66,0.16,108,Moderate
Amaravati,2020-03-27,25.36,50.63,1.51,4.69,3.74,8.2,0.23,21.49,37.28,0.08,0.31,0.1,52,Satisfactory
Amaravati,2020-03-28,25.12,52.01,1.52,4.71,3.74,7.88,0.25,22.1,43.19,0.09,0.39,0.15,61,Satisfactory
Amaravati,2020-03-29,26.96,53.31,1.29,5.11,3.77,7.91,0.37,19.29,38.57,0.13,0.65,0.1,58,Satisfactory
Amaravati,2020-03-31,29.86,55.8,1.39,4.52,3.54,8.81,0.28,23.12,44.17,0.08,0.33,0.1,69,Satisfactory
Amaravati,2020-04-01,34.77,63.95,1.4,5.03,3.81,9.07,0.25,25.11,40.76,0.11,0.47,0.1,69,Satisfactory
Amaravati,2020-04-10,21.17,41.26,1.3,6.54,4.25,6.25,0.0,13.94,36.65,0.32,1.26,0.17,53,Satisfactory
Amaravati,2020-04-11,13.72,31.06,1.4,4.58,3.58,6.74,0.0,15.56,26.1,0.05,0.54,0.16,42,Good
Amaravati,2020-04-13,18.38,40.46,1.31,4.91,3.66,7.17,0.0,14.3,27.51,0.05,0.38,0.1,47,Good
Amaravati,2020-04-15,18.62,45.2,1.48,4.5,3.6,6.92,0.0,14.12,30.13,0.06,0.29,0.1,51,Satisfactory
Amaravati,2020-04-17,13.28,40.72,1.37,4.83,3.68,7.29,0.0,12.24,25.98,0.06,0.31,0.1,40,Good
Amaravati,2020-05-22,29.9,103.68,1.47,10.11,6.4,11.55,0.38,12.04,52.47,0.16,0.82,0.1,103,Moderate
Amaravati,2020-05-24,18.09,60.29,1.41,4.2,3.39,10.29,0.45,8.1,48.0,5.09,0.2,4.95,66,Satisfactory
Amaravati,2020-05-27,24.22,66.04,1.39,4.33,3.44,11.7,0.5,7.19,24.36,4.9,0.42,84.72,69,Satisfactory
Amaravati,2020-05-28,25.16,66.12,1.57,5.41,4.15,12.46,0.6,7.99,13.71,0.44,0.38,0.1,64,Satisfactory
Amaravati,2020-05-29,20.96,68.44,1.52,5.69,4.27,10.97,0.6,10.85,17.45,0.08,0.49,0.1,70,Satisfactory
Amaravati,2020-05-30,22.5,62.08,1.46,6.94,4.87,10.98,0.57,17.09,21.62,0.09,0.67,0.12,63,Satisfactory
Amaravati,2020-05-31,19.96,58.07,1.42,5.43,4.05,10.08,0.55,9.11,21.51,0.05,0.34,0.3,62,Satisfactory
Amaravati,2020-06-01,8.09,37.02,1.58,9.29,6.22,4.7,0.48,9.85,14.81,0.12,1.75,0.12,46,Good
Amaravati,2020-06-02,12.78,38.24,1.66,9.72,6.52,10.11,0.51,6.61,18.39,0.09,1.19,0.22,41,Good
Amaravati,2020-06-03,10.23,35.22,1.85,10.19,6.6,7.4,0.5,12.47,19.36,0.1,1.18,0.19,40,Good
Amaravati,2020-06-04,7.89,34.52,1.76,11.09,7.33,7.17,0.54,16.74,18.72,0.05,0.45,0.1,39,Good
Amaravati,2020-06-05,9.33,36.04,1.6,8.83,5.99,8.01,0.44,11.48,30.3,0.08,0.47,0.1,58,Satisfactory
Amaravati,2020-06-06,10.14,43.39,1.33,7.06,4.83,6.2,0.42,12.83,35.22,0.09,0.55,0.19,44,Good
Amaravati,2020-06-07,11.49,47.69,1.48,6.9,4.87,6.93,0.42,12.34,38.36,0.06,0.36,0.1,50,Good
Amaravati,2020-06-08,12.19,49.5,1.62,10.16,6.72,7.12,0.44,11.95,38.42,0.1,0.7,0.15,54,Satisfactory
Amaravati,2020-06-09,10.39,44.35,1.56,10.06,6.61,6.04,0.5,15.46,40.05,0.09,0.76,0.22,61,Satisfactory
Amaravati,2020-06-10,10.18,25.24,8.5,15.4,15.51,9.51,0.59,13.75,40.65,0.09,1.21,0.17,58,Satisfactory
Amaravati,2020-06-11,5.6,12.17,2.27,14.58,9.6,9.96,0.51,18.82,42.45,0.11,1.63,0.1,53,Satisfactory
Amaravati,2020-06-12,4.7,12.83,1.66,10.03,6.69,8.76,0.53,13.34,34.37,0.08,0.52,0.1,47,Good
Amaravati,2020-06-13,4.65,12.76,1.48,8.44,5.7,7.97,0.48,12.34,35.22,0.06,0.28,0.1,44,Good
Amaravati,2020-06-14,11.71,25.81,1.6,8.06,5.6,8.67,0.53,16.01,39.34,0.07,0.57,0.29,47,Good
Amaravati,2020-06-15,10.07,24.04,2.12,9.21,6.62,8.73,0.48,12.19,33.82,0.06,0.41,0.1,41,Good
Amaravati,2020-06-16,11.61,31.52,4.88,16.7,12.86,8.35,0.5,16.28,31.19,0.09,0.78,0.36,39,Good
Amaravati,2020-06-17,8.73,18.33,4.64,16.26,11.66,10.3,0.38,17.54,29.47,0.09,0.54,0.2,36,Good
Amaravati,2020-06-18,11.2,27.86,3.27,12.95,9.54,12.91,0.62,17.81,31.9,0.1,0.81,0.19,42,Good
Amaravati,2020-06-19,11.03,34.97,3.18,13.74,9.89,8.92,0.64,10.39,31.37,0.14,1.43,0.32,43,Good
Amaravati,2020-06-20,16.99,45.43,1.52,9.48,6.27,8.6,0.55,11.19,41.25,0.11,1.29,0.16,55,Satisfactory
Amaravati,2020-06-21,12.74,30.83,1.66,10.27,6.81,9.45,0.59,13.28,34.95,0.13,0.77,0.15,50,Good
Amaravati,2020-06-22,17.97,50.49,2.05,12.1,8.1,10.92,0.65,11.68,30.15,0.17,1.55,0.53,46,Good
Amaravati,2020-06-23,15.48,34.84,2.07,9.15,6.55,13.53,0.58,15.88,39.82,0.11,0.8,0.16,55,Satisfactory
Amaravati,2020-06-24,14.88,35.33,1.86,10.59,7.15,11.62,0.59,14.04,38.01,0.13,1.03,0.21,52,Satisfactory
Amaravati,2020-06-25,20.74,37.36,1.9,8.44,6.03,14.57,0.62,15.38,39.32,0.13,0.89,0.28,50,Good
Amaravati,2020-06-27,14.5,24.43,1.53,6.53,4.72,8.97,0.55,13.75,33.76,0.06,0.27,0.15,42,Good
Amaravati,2020-06-28,16.65,28.51,1.43,8.32,5.59,9.77,0.66,10.86,37.34,0.1,0.43,0.12,49,Good
Amaravati,2020-06-29,20.96,32.56,1.65,9.55,6.43,14.3,0.66,14.79,43.29,0.12,0.69,0.1,56,Satisfactory
Amaravati,2020-06-30,21.34,35.16,1.74,10.69,7.1,13.38,0.66,14.58,45.32,0.14,1.42,0.2,61,Satisfactory
